name,Trial,Thickness,Elastic Modulus,Yield Strength,Changepoint,Slope Plateau,Slope Densification,Creep Strain,Strain at 50 bar,Strain at 80 bar,Strain at 150 bar,Strain at 500 bar,Good Fit,Average Standard Deviation,mixing_temp,bath_temp,weight_percent,volume,pullcast_speed,nitrogen,coupon_to_bath_wait_time,nips_bath_wait_time,CV
17-13deg-10s-NoN2-40s | rep 1,sample 16,122.47245,170.37940577409495,3.312992732291706,0.6931901897505158,208.37761095110167,1163.7541226672122,0.0653289780681287,0.5460086778834308,0.6240278018658139,0.6937120451384846,,True,60.95273249297729,25,13,17,1000,10,False,10,40,
17-13deg-10s-NoN2-40s | rep 2,sample 17,126.9863888256757,65.41161849478473,21.23974754646891,0.6148123540653504,64.73952517105948,1141.7609255797342,0.056961458959952,0.5604903114864406,0.6377131380314605,0.7077206410576629,,False,60.99124154764453,25,13,17,1000,10,False,10,40,
17-13deg-10s-NoN2-40s | rep 3,sample 18,125.2982,67.70900574272054,13.753934644641529,0.5903030704849855,61.64352147355382,1050.7606496934725,0.0580764386039764,0.5357953461456242,0.6168885621327056,0.694720705694693,,True,61.12635132949657,25,13,17,1000,10,False,10,40,
17-13deg-120s-NoN2-1800s | rep 1,sample 4,134.2644,154.4930508030979,44.1168630859512,0.497067739139279,80.87719303489652,817.0663247569825,0.0805902383654938,0.355950987802444,0.5049586520137734,0.6054133395715935,,False,55.37764259890968,25,13,17,1000,10,False,120,1800,
17-13deg-120s-NoN2-1800s | rep 2,sample 5,129.87019999999998,143.92649116646396,49.23785424095723,0.4904737998712485,94.1006954228932,808.1089695975533,0.0825014372503845,0.3384117096868757,0.4867978552592269,0.5971354200925193,,False,53.84944972658823,25,13,17,1000,10,False,120,1800,
17-13deg-120s-NoN2-1900s | rep 1,sample 4,17.1958,1.3179373196529691,1.2117866367186598,0.6571985401465433,7.562865587854851,601.3289636429096,0.1403249630723779,0.7556264165571551,0.7829589057876412,,,False,51.34696841512007,25,13,17,1000,10,False,120,1900,
17-13deg-120s-NoN2-1900s | rep 2,sample 5,145.1102,426.6012398425963,20.92679878622581,0.5800369491528253,269.05505486004535,748.6240838136359,0.0774654729798025,0.2706067075269575,0.4433094102091379,0.5594547558370812,,True,51.39437127959587,25,13,17,1000,10,False,120,1900,
17-13deg-120s-NoN2-1900s | rep 3,sample 6,149.91080000000002,161.7304267048275,46.0666188379975,0.5247219406365309,96.89070211193268,894.8045169641077,0.0630685469920416,0.3671139197455224,0.5110718745364391,0.6192500900000677,,False,54.07868413541773,25,13,17,1000,10,False,120,1900,
17-13deg-15s-NoN2-30s | rep 1,sample 4,118.91932820308608,213.7054307395949,17.365079567422796,0.5646104303856935,31.69103902988662,1084.545425961125,0.0710396740084308,0.5235708559666077,0.5980717945125391,0.6703876919459517,,True,59.86672153100582,25,13,17,1000,10,False,15,30,
17-13deg-15s-NoN2-30s | rep 2,sample 5,133.60399999999998,127.36262511632692,16.47740892959725,0.5939860587854677,38.64149895382096,1233.100643065846,0.0552966867218459,0.5548109571209644,0.6231344774391403,0.689443380925618,,False,61.47696987010362,25,13,17,1000,10,False,15,30,
17-13deg-15s-NoN2-30s | rep 3,sample 6,131.85139999999998,-7.538851799484084,3.051953198611243,0.6230546402228533,42.856302456087896,1176.8755011136586,0.0625439766910002,0.5881568840859468,0.6566309987651802,0.722562945691424,,False,62.127039661034495,25,13,17,1000,10,False,15,30,
17-13deg-15s-NoN2-30s_run2 | rep 1,sample 10,136.88060000000002,114.66737634594446,12.556306396455067,0.5613000073412551,60.07811178632829,1121.3127456335203,0.0692876578046003,0.5087688979900923,0.5829080749689524,0.655899301830817,,False,59.58915423366913,25,13,17,1000,10,False,15,30,
17-13deg-15s-NoN2-30s_run2 | rep 2,sample 11,155.3972,170.1623493705035,21.379812898576333,0.4943979040266983,44.93912023935813,1061.3733182577023,0.0694384817181101,0.4443704418577244,0.5240074964317426,0.5989619791172938,,True,58.93085045664295,25,13,17,1000,10,False,15,30,
17-13deg-15s-NoN2-30s_run2 | rep 3,sample 12,189.66180000000003,105.11048497131456,24.89423589986956,0.5319700359745896,99.41558340007062,807.1073276959089,0.089345372581434,0.4469377091592521,0.546641480979968,0.6495531011124994,,True,59.04503243453197,25,13,17,1000,10,False,15,30,
17-13deg-60s-N2-1800s | rep 1,sample 4,138.32840000000002,244.27520028758505,37.38769747000416,0.6015742298165725,112.49331551023236,886.1954610993482,0.0632607648436373,0.2818257809738963,0.5462431657145798,0.6738715116938089,,False,52.071836724650815,25,13,17,1000,10,True,60,1800,
17-13deg-60s-N2-1800s | rep 2,sample 5,138.63320000000002,149.7627290272818,49.774667792458935,0.6139220914222098,40.89804224753264,990.7963437597988,0.0538658849395382,0.4555012946864735,0.6146706135520158,0.7080481335813045,,False,53.823830851262265,25,13,17,1000,10,True,60,1800,
17-13deg-60s-N2-1800s | rep 3,sample 6,134.366,114.58030318913042,39.87464328328748,0.6274006021895773,39.70761736495262,1110.3295957174637,0.0533907265941616,0.5311181668618365,0.6356246547851481,0.7196268708891174,,False,55.68545742284197,25,13,17,1000,10,True,60,1800,
17-13deg-18s-NoN2-50s | rep 1,sample 4,133.50240000000002,213.95923318995835,8.360245472875965,0.3704629497662328,127.91880473363938,577.2641595934956,0.1664755067634139,0.3180214174450902,0.4084707466518309,0.5374693054272283,,True,54.81053775240917,25,13,17,1000,10,False,18,50,0.1398207813081621
17-13deg-18s-NoN2-50s | rep 2,sample 5,152.42540000000002,184.2061521758343,27.211993991522807,0.435243868714118,102.2713766509855,731.8513587565441,0.1086929382641808,0.3680567788973072,0.4633728978486806,0.5642099404655607,,True,55.57418348275792,25,13,17,1000,10,False,18,50,0.1398207813081621
17-13deg-18s-NoN2-50s | rep 3,sample 6,136.6774,172.32294361311432,21.96304946570848,0.5327843264452138,29.18703777755835,818.3706099419378,0.0631389821333965,0.4841427776415855,0.5831268813165444,0.6714019639666269,,True,57.55672077685494,25,13,17,1000,10,False,18,50,0.1398207813081621
17-13deg-3s-NoN2-60s | rep 1,sample 4,151.3586,118.07540065932852,7.223034643268562,0.5677843832112331,105.30486002539996,625.4666483557099,0.094905541592679,0.4119958109517487,0.5543889912933543,0.7078219605064124,,True,57.67045309708247,25,13,17,1000,10,False,3,60,0.0496427763141639
17-13deg-3s-NoN2-60s | rep 2,sample 5,125.9902437896262,226.41641360657064,16.411128785073114,0.5561997579784513,71.43285373918333,639.6304281114562,0.0885243894876708,0.4533800976814355,0.5762265292141389,0.6985421803145633,,True,55.67859368401564,25,13,17,1000,10,False,3,60,0.0496427763141639
17-13deg-3s-NoN2-60s | rep 3,sample 6,127.8711608118266,214.3613011049605,15.40101766240154,0.5803854783060707,46.87832358468575,822.8081744102315,0.0723518482331612,0.509674073954816,0.6186917867589548,0.707189896151307,,True,58.59583057394552,25,13,17,1000,10,False,3,60,0.0496427763141639
17-5deg-4s-NoN2-60s | rep 1,sample 4,139.9794,158.69438667476828,22.575272695167143,0.4826212114605786,120.18237635174243,502.44470824247446,0.1063623535578377,0.332625621550166,0.4662673730457204,0.6440780776110118,,True,55.45227669617775,25,5,17,1000,10,False,4,60,0.1154612280594529
17-5deg-4s-NoN2-60s | rep 2,sample 5,134.366,268.94946914728257,18.529620361087357,0.6078971818922246,132.8643477090255,713.2700311650714,0.0714064525158678,0.3903591682419658,0.5664231489720548,0.6794255490442366,,True,54.19080846046553,25,5,17,1000,10,False,4,60,0.1154612280594529
17-5deg-4s-NoN2-60s | rep 3,sample 6,140.6906,168.2812312145366,25.57477948567399,0.5787760576157757,41.018033875177466,790.327767188244,0.0622893202524029,0.5202363625370071,0.6232530283014039,0.7110768957091813,,True,59.04317554967603,25,5,17,1000,10,False,4,60,0.1154612280594529
17-5deg-4s-NoN2-60s_run2 | rep 1,sample 4,138.20139999999998,249.33681560181643,8.944469761189671,0.4698212720467774,139.17848366633407,867.3699328559815,0.0754446633964877,0.3493894488524183,0.4666251876883448,0.5551162061074144,,True,56.11450065635623,25,5,17,1000,10,False,4,60,0.12162536296587531
17-5deg-4s-NoN2-60s_run2 | rep 2,sample 5,146.8628,162.78810331545583,26.994073958855957,0.5495942702846428,68.3479689747534,835.003131053504,0.06659378627289769,0.4521424800387849,0.5707438371170316,0.6566345394932052,,True,57.08274392878563,25,5,17,1000,10,False,4,60,0.12162536296587531
17-5deg-4s-NoN2-60s_run2 | rep 3,sample 6,146.32939999999996,141.35682636615908,26.856721169254268,0.5784859561131327,47.64198934345412,975.401483344036,0.056162224692898,0.5311634659767925,0.6137260225759961,0.6841691419465774,,True,59.541869393772004,25,5,17,1000,10,False,4,60,0.12162536296587531
