date,name,formatted_parameters,initial_report,Thickness,Elastic Modulus,Yield Strength,Changepoint,Slope Plateau,Slope Densification,Creep Strain,Strain at 50 bar,Strain at 80 bar,Strain at 150 bar,Strain at 500 bar,CV,formatted_parameters_withProp,final_report
"2026-06-03
14:04:13",17-13deg-18s-NoN2-50s,mixing_temp=25; bath_temp=13; weight_percent=17; volume=1000; pullcast_speed=10; nitrogen=False; coupon_to_bath_wait_time=18; nips_bath_wait_time=50,"# Experimental Report: Automated Membrane Synthesis via NIPS

## Polymer Solution Preparation
A polysulfone solution was prepared at a concentration of **17 wt%** in PolarClean solvent, with a total solution volume of **1000 µL**. The solution was mixed and heated at **25°C** until homogeneous.

## Membrane Casting
The polymer solution was blade-cast onto the substrate using a casting speed of **10 mm/s**.

## Pre-Immersion Conditions
Following casting, the membrane coupon was allowed to rest under **ambient conditions** (no nitrogen purge) for **18 seconds** prior to immersion in the coagulation bath.

## Phase Inversion (NIPS Bath)
The cast membrane was then immersed in a non-solvent coagulation bath maintained at **13°C**. The membrane remained in the bath for **50 seconds** to allow phase separation and solidification.

---

**Summary Table**

| Parameter | Value |
|---|---|
| Polymer Concentration | 17 wt% |
| Solution Volume | 1000 µL |
| Mixing Temperature | 25°C |
| Casting Speed | 10 mm/s |
| Nitrogen Purge | No |
| Pre-Immersion Wait Time | 18 s |
| Bath Temperature | 13°C |
| Bath Immersion Time | 50 s |",140.86840000000004,190.16277632630235,19.17842964336908,0.4461637149751882,86.45907305406108,709.1620427639924,0.112769142386997,0.390073657994661,0.484990175272352,0.5910270699531387,,0.1398207813081621,"mixing_temp=25; bath_temp=13; weight_percent=17; volume=1000; pullcast_speed=10; nitrogen=False; coupon_to_bath_wait_time=18; nips_bath_wait_time=50

{'Thickness': 140.86840000000004, 'Elastic Modulus': 190.16277632630235, 'Yield Strength': 19.178429643369082, 'Changepoint': 0.44616371497518825, 'Slope Plateau': 86.45907305406108, 'Slope Densification': 709.1620427639924, 'Creep Strain': 0.11276914238699709, 'Strain at 50 bar': 0.39007365799466104, 'Strain at 80 bar': 0.484990175272352, 'Strain at 150 bar': 0.5910270699531387, 'Strain at 500 bar': nan, 'CV': 0.1398207813081621}","# Experimental Report: Automated Membrane Synthesis via NIPS

## Polymer Solution Preparation
A polysulfone solution was prepared at a concentration of **17 wt%** in PolarClean solvent, with a total solution volume of **1000 µL**. The solution was mixed and heated at **25°C** until homogeneous.

## Membrane Casting
The polymer solution was blade-cast onto the substrate using a casting speed of **10 mm/s**.

## Pre-Immersion Conditions
Following casting, the membrane coupon was allowed to rest under **ambient conditions** (no nitrogen purge) for **18 seconds** prior to immersion in the coagulation bath.

## Phase Inversion (NIPS Bath)
The cast membrane was then immersed in a non-solvent coagulation bath maintained at **13°C**. The membrane remained in the bath for **50 seconds** to allow phase separation and solidification.

---

**Summary Table**

| Parameter | Value |
|---|---|
| Polymer Concentration | 17 wt% |
| Solution Volume | 1000 µL |
| Mixing Temperature | 25°C |
| Casting Speed | 10 mm/s |
| Nitrogen Purge | No |
| Pre-Immersion Wait Time | 18 s |
| Bath Temperature | 13°C |
| Bath Immersion Time | 50 s |
{'Thickness': 140.86840000000004, 'Elastic Modulus': 190.16277632630235, 'Yield Strength': 19.178429643369082, 'Changepoint': 0.44616371497518825, 'Slope Plateau': 86.45907305406108, 'Slope Densification': 709.1620427639924, 'Creep Strain': 0.11276914238699709, 'Strain at 50 bar': 0.39007365799466104, 'Strain at 80 bar': 0.484990175272352, 'Strain at 150 bar': 0.5910270699531387, 'Strain at 500 bar': nan, 'CV': 0.1398207813081621}"
"2026-06-03
14:59:43",17-13deg-3s-NoN2-60s,mixing_temp=25; bath_temp=13; weight_percent=17; volume=1000; pullcast_speed=10; nitrogen=False; coupon_to_bath_wait_time=3; nips_bath_wait_time=60,"# Experimental Report: Automated Membrane Synthesis via NIPS

## Polymer Solution Preparation

A polysulfone (PSf) solution was prepared at a concentration of **17 wt%** in PolarClean solvent, with a total solution volume of **1000 µL**. The solution was mixed and heated at **25°C** until homogeneous.

## Membrane Casting

The polymer solution was blade-cast onto the substrate at a casting speed of **10 mm/s**.

## Pre-Immersion Conditions

Following casting, the membrane coupon was exposed to **ambient conditions** (no nitrogen purge) for **3 seconds** prior to immersion in the coagulation bath.

## Phase Separation (NIPS Bath)

The cast membrane was then immersed in the non-solvent (NIPS) coagulation bath, maintained at **13°C**, for a total immersion time of **60 seconds**, during which phase separation occurred to form the final membrane structure.

---

**Summary Table**

| Parameter | Value |
|---|---|
| Polymer Concentration | 17 wt% |
| Mixing Temperature | 25°C |
| Casting Speed | 10 mm/s |
| Pre-Immersion Wait Time | 3 s (ambient) |
| Bath Temperature | 13°C |
| Bath Immersion Time | 60 s |",135.07333486715092,186.2843717902865,13.01172703024774,0.568123206498585,74.53867911642301,695.9684169591325,0.0852605931045036,0.4583499941960001,0.5831024357554827,0.7045180123240943,,0.0496427763141639,"mixing_temp=25; bath_temp=13; weight_percent=17; volume=1000; pullcast_speed=10; nitrogen=False; coupon_to_bath_wait_time=3; nips_bath_wait_time=60

{'Thickness': 135.07333486715092, 'Elastic Modulus': 186.28437179028654, 'Yield Strength': 13.011727030247739, 'Changepoint': 0.568123206498585, 'Slope Plateau': 74.53867911642301, 'Slope Densification': 695.9684169591325, 'Creep Strain': 0.08526059310450369, 'Strain at 50 bar': 0.4583499941960001, 'Strain at 80 bar': 0.5831024357554827, 'Strain at 150 bar': 0.7045180123240943, 'Strain at 500 bar': nan, 'CV': 0.04964277631416397}","# Experimental Report: Automated Membrane Synthesis via NIPS

## Polymer Solution Preparation

A polysulfone (PSf) solution was prepared at a concentration of **17 wt%** in PolarClean solvent, with a total solution volume of **1000 µL**. The solution was mixed and heated at **25°C** until homogeneous.

## Membrane Casting

The polymer solution was blade-cast onto the substrate at a casting speed of **10 mm/s**.

## Pre-Immersion Conditions

Following casting, the membrane coupon was exposed to **ambient conditions** (no nitrogen purge) for **3 seconds** prior to immersion in the coagulation bath.

## Phase Separation (NIPS Bath)

The cast membrane was then immersed in the non-solvent (NIPS) coagulation bath, maintained at **13°C**, for a total immersion time of **60 seconds**, during which phase separation occurred to form the final membrane structure.

---

**Summary Table**

| Parameter | Value |
|---|---|
| Polymer Concentration | 17 wt% |
| Mixing Temperature | 25°C |
| Casting Speed | 10 mm/s |
| Pre-Immersion Wait Time | 3 s (ambient) |
| Bath Temperature | 13°C |
| Bath Immersion Time | 60 s |
{'Thickness': 135.07333486715092, 'Elastic Modulus': 186.28437179028654, 'Yield Strength': 13.011727030247739, 'Changepoint': 0.568123206498585, 'Slope Plateau': 74.53867911642301, 'Slope Densification': 695.9684169591325, 'Creep Strain': 0.08526059310450369, 'Strain at 50 bar': 0.4583499941960001, 'Strain at 80 bar': 0.5831024357554827, 'Strain at 150 bar': 0.7045180123240943, 'Strain at 500 bar': nan, 'CV': 0.04964277631416397}"
"2026-06-03
15:44:42",17-5deg-4s-NoN2-60s,mixing_temp=25; bath_temp=5; weight_percent=17; volume=1000; pullcast_speed=10; nitrogen=False; coupon_to_bath_wait_time=4; nips_bath_wait_time=60,"# Experimental Report: Automated Membrane Synthesis via NIPS

## Polymer Solution Preparation
A polysulfone solution was prepared at a concentration of **17 wt%** in PolarClean solvent, with a total solution volume of **1000 µL**. The solution was mixed and heated at **25°C**.

## Membrane Casting
The polymer solution was blade-cast onto the substrate at a casting speed of **10 mm/s**.

## Pre-Immersion Conditions
Following casting, the membrane coupon was allowed to rest under **ambient conditions** (no nitrogen purge) for **4 seconds** prior to immersion in the coagulation bath.

## Phase Inversion (NIPS Bath)
The cast membrane was subsequently immersed in a non-solvent coagulation bath maintained at **5°C**. The membrane remained in the bath for **60 seconds** to allow phase separation and solidification.

---
**Table 1. Summary of Experimental Parameters**
| Parameter | Value |
|---|---|
| Polymer concentration | 17 wt% |
| Solution volume | 1000 µL |
| Mixing temperature | 25°C |
| Casting speed | 10 mm/s |
| Pre-immersion wait time | 4 s |
| Nitrogen purge | No |
| Bath temperature | 5°C |
| Bath immersion time | 60 s |",138.34533333333334,198.64169567886248,22.22655751397616,0.556431483656193,98.02158597864847,668.68083553193,0.0800193754420361,0.4144070507763797,0.5519811834397265,0.6781935074548099,,0.1154612280594529,"mixing_temp=25; bath_temp=5; weight_percent=17; volume=1000; pullcast_speed=10; nitrogen=False; coupon_to_bath_wait_time=4; nips_bath_wait_time=60

{'Thickness': 138.34533333333334, 'Elastic Modulus': 198.64169567886248, 'Yield Strength': 22.22655751397616, 'Changepoint': 0.556431483656193, 'Slope Plateau': 98.02158597864847, 'Slope Densification': 668.68083553193, 'Creep Strain': 0.08001937544203619, 'Strain at 50 bar': 0.4144070507763797, 'Strain at 80 bar': 0.5519811834397265, 'Strain at 150 bar': 0.6781935074548099, 'Strain at 500 bar': nan, 'CV': 0.11546122805945297}","# Experimental Report: Automated Membrane Synthesis via NIPS

## Polymer Solution Preparation
A polysulfone solution was prepared at a concentration of **17 wt%** in PolarClean solvent, with a total solution volume of **1000 µL**. The solution was mixed and heated at **25°C**.

## Membrane Casting
The polymer solution was blade-cast onto the substrate at a casting speed of **10 mm/s**.

## Pre-Immersion Conditions
Following casting, the membrane coupon was allowed to rest under **ambient conditions** (no nitrogen purge) for **4 seconds** prior to immersion in the coagulation bath.

## Phase Inversion (NIPS Bath)
The cast membrane was subsequently immersed in a non-solvent coagulation bath maintained at **5°C**. The membrane remained in the bath for **60 seconds** to allow phase separation and solidification.

---
**Table 1. Summary of Experimental Parameters**
| Parameter | Value |
|---|---|
| Polymer concentration | 17 wt% |
| Solution volume | 1000 µL |
| Mixing temperature | 25°C |
| Casting speed | 10 mm/s |
| Pre-immersion wait time | 4 s |
| Nitrogen purge | No |
| Bath temperature | 5°C |
| Bath immersion time | 60 s |
{'Thickness': 138.34533333333334, 'Elastic Modulus': 198.64169567886248, 'Yield Strength': 22.22655751397616, 'Changepoint': 0.556431483656193, 'Slope Plateau': 98.02158597864847, 'Slope Densification': 668.68083553193, 'Creep Strain': 0.08001937544203619, 'Strain at 50 bar': 0.4144070507763797, 'Strain at 80 bar': 0.5519811834397265, 'Strain at 150 bar': 0.6781935074548099, 'Strain at 500 bar': nan, 'CV': 0.11546122805945297}"
"2026-06-03
16:48:57",17-5deg-4s-NoN2-60s_run2,mixing_temp=25; bath_temp=5; weight_percent=17; volume=1000; pullcast_speed=10; nitrogen=False; coupon_to_bath_wait_time=4; nips_bath_wait_time=60,"# Experimental Report: Membrane Synthesis via Non-Solvent-Induced Phase Separation (NIPS)

## Materials & Solution Preparation

A polysulfone (PSf) polymer solution was prepared in PolarClean solvent at a concentration of **17 wt%** with a total volume of **1000 µL**. The solution was mixed and heated at **25°C** until homogeneous.

## Membrane Casting

The polymer solution was blade-cast onto the substrate at a casting speed of **10 mm/s**. Following casting, the membrane coupon was allowed to rest under **ambient conditions** (no nitrogen purge) for **4 seconds** prior to immersion in the coagulation bath.

## Phase Inversion (NIPS Bath)

The cast membrane was subsequently immersed into a non-solvent coagulation bath maintained at **5°C**. The membrane was left in the bath for **60 seconds** to allow phase separation and solidification to proceed.

## Summary Table

| Parameter | Value |
|---|---|
| Polymer Concentration | 17 wt% |
| Mixing Temperature | 25°C |
| Cast Volume | 1000 µL |
| Casting Speed | 10 mm/s |
| Nitrogen Purge | No |
| Pre-immersion Wait Time | 4 s |
| NIPS Bath Temperature | 5°C |
| Bath Immersion Time | 60 s |",143.79786666666664,184.4939150944771,20.93175496309997,0.532633832814851,85.05614732818053,892.5915157511739,0.0660668914540944,0.4442317982893319,0.5503650157937908,0.6319732958490657,,0.1216253629658753,"mixing_temp=25; bath_temp=5; weight_percent=17; volume=1000; pullcast_speed=10; nitrogen=False; coupon_to_bath_wait_time=4; nips_bath_wait_time=60

{'Thickness': 143.79786666666664, 'Elastic Modulus': 184.4939150944771, 'Yield Strength': 20.931754963099966, 'Changepoint': 0.532633832814851, 'Slope Plateau': 85.05614732818053, 'Slope Densification': 892.5915157511739, 'Creep Strain': 0.06606689145409446, 'Strain at 50 bar': 0.44423179828933196, 'Strain at 80 bar': 0.5503650157937908, 'Strain at 150 bar': 0.6319732958490657, 'Strain at 500 bar': nan, 'CV': 0.1216253629658753}","# Experimental Report: Membrane Synthesis via Non-Solvent-Induced Phase Separation (NIPS)

## Materials & Solution Preparation

A polysulfone (PSf) polymer solution was prepared in PolarClean solvent at a concentration of **17 wt%** with a total volume of **1000 µL**. The solution was mixed and heated at **25°C** until homogeneous.

## Membrane Casting

The polymer solution was blade-cast onto the substrate at a casting speed of **10 mm/s**. Following casting, the membrane coupon was allowed to rest under **ambient conditions** (no nitrogen purge) for **4 seconds** prior to immersion in the coagulation bath.

## Phase Inversion (NIPS Bath)

The cast membrane was subsequently immersed into a non-solvent coagulation bath maintained at **5°C**. The membrane was left in the bath for **60 seconds** to allow phase separation and solidification to proceed.

## Summary Table

| Parameter | Value |
|---|---|
| Polymer Concentration | 17 wt% |
| Mixing Temperature | 25°C |
| Cast Volume | 1000 µL |
| Casting Speed | 10 mm/s |
| Nitrogen Purge | No |
| Pre-immersion Wait Time | 4 s |
| NIPS Bath Temperature | 5°C |
| Bath Immersion Time | 60 s |
{'Thickness': 143.79786666666664, 'Elastic Modulus': 184.4939150944771, 'Yield Strength': 20.931754963099966, 'Changepoint': 0.532633832814851, 'Slope Plateau': 85.05614732818053, 'Slope Densification': 892.5915157511739, 'Creep Strain': 0.06606689145409446, 'Strain at 50 bar': 0.44423179828933196, 'Strain at 80 bar': 0.5503650157937908, 'Strain at 150 bar': 0.6319732958490657, 'Strain at 500 bar': nan, 'CV': 0.1216253629658753}"
