date,name,mixing_temp,bath_temp,weight_percent,volume,pullcast_speed,nitrogen,coupon_to_bath_wait_time,nips_bath_wait_time,formatted_parameters,initial_report,Thickness Mean,Thickness SD,Elastic Modulus Mean,Elastic Modulus SD,Yield Strength Mean,Yield Strength SD,Changepoint Mean,Changepoint SD,Slope Plateau Mean,Slope Plateau SD,Slope Densification Mean,Slope Densification SD,Creep Strain Mean,Creep Strain SD,Strain at 50 bar Mean,Strain at 50 bar SD,Strain at 80 bar Mean,Strain at 80 bar SD,Strain at 150 bar Mean,Strain at 150 bar SD,Strain at 500 bar Mean,Strain at 500 bar SD,CV Mean,formatted_parameters_withProp,final_report,LLM_suggestion
"2026-06-12
11:00:25",17-5deg-7s-NoN2-30s,25,5,17,1000,10,False,7,30,mixing_temp=25; bath_temp=5; weight_percent=17; volume=1000; pullcast_speed=10; nitrogen=False; coupon_to_bath_wait_time=7; nips_bath_wait_time=30,"# Experimental Report: Automated Membrane Synthesis via NIPS

## Polymer Solution Preparation

A polysulfone solution was prepared at a concentration of **17 wt%** in PolarClean solvent, with a total solution volume of **1000 µL**. The solution was mixed and heated at **25°C**.

## Membrane Casting

The polymer solution was blade-cast onto the substrate at a casting speed of **10 mm/s**.

## Pre-Immersion Conditions

Following casting, the membrane coupon was allowed to rest under **ambient conditions** (no nitrogen purge) for **7 seconds** prior to immersion in the coagulation bath.

## Phase Separation (NIPS Bath)

The cast membrane was subsequently immersed in a non-solvent coagulation bath maintained at **5°C**. The membrane remained in the bath for **30 seconds** to allow for complete phase separation and membrane solidification.

---

**Table 1. Summary of Experimental Parameters**

| Parameter | Value |
|---|---|
| Polymer concentration | 17 wt% |
| Solution volume | 1000 µL |
| Mixing temperature | 25°C |
| Casting speed | 10 mm/s |
| Nitrogen purge | No |
| Pre-immersion wait time | 7 s |
| Bath temperature | 5°C |
| Bath immersion time | 30 s |",150.18173333333334,18.396712651509848,163.80499761768291,23.603678858999377,11.73943247233631,7.53676810173422,0.6068049656032022,0.04650906387212,111.63778962768492,37.49950953266287,721.7138503054985,65.53685069835949,0.0789956008339984,0.003833930283724,0.4614194139566153,0.0408888926686798,0.5999204265816935,0.0501609777789485,0.7412574055810099,0.0186030375198525,,,0.1033116720059657,"mixing_temp=25; bath_temp=5; weight_percent=17; volume=1000; pullcast_speed=10; nitrogen=False; coupon_to_bath_wait_time=7; nips_bath_wait_time=30{'Strain at 50 bar Mean': 0.4614194139566153, 'CV Mean': 0.1033116720059657}","# Experimental Report: Automated Membrane Synthesis via NIPS

## Polymer Solution Preparation

A polysulfone solution was prepared at a concentration of **17 wt%** in PolarClean solvent, with a total solution volume of **1000 µL**. The solution was mixed and heated at **25°C**.

## Membrane Casting

The polymer solution was blade-cast onto the substrate at a casting speed of **10 mm/s**.

## Pre-Immersion Conditions

Following casting, the membrane coupon was allowed to rest under **ambient conditions** (no nitrogen purge) for **7 seconds** prior to immersion in the coagulation bath.

## Phase Separation (NIPS Bath)

The cast membrane was subsequently immersed in a non-solvent coagulation bath maintained at **5°C**. The membrane remained in the bath for **30 seconds** to allow for complete phase separation and membrane solidification.

---

**Table 1. Summary of Experimental Parameters**

| Parameter | Value |
|---|---|
| Polymer concentration | 17 wt% |
| Solution volume | 1000 µL |
| Mixing temperature | 25°C |
| Casting speed | 10 mm/s |
| Nitrogen purge | No |
| Pre-immersion wait time | 7 s |
| Bath temperature | 5°C |
| Bath immersion time | 30 s |
{'Strain at 50 bar Mean': 0.4614194139566153, 'CV Mean': 0.1033116720059657}","I'll analyze the prior observation and suggest the next experiment to maximize strain at 50 bar.

From the single prior observation:
- 17 wt%, 25°C mixing, 10 mm/s, no nitrogen, 7s wait, 5°C bath, 30s bath time → Strain at 50 bar Mean: 0.4614

To maximize strain at 50 bar, I should consider:
1. **Higher bath temperature** (25°C) - slower phase separation typically leads to more open, flexible structures
2. **Lower weight percent** (10 wt%) - less polymer concentration can lead to more porous, flexible membranes
3. **Higher mixing temperature** (60°C) - better polymer dissolution and chain mobility
4. **Longer coupon_to_bath_wait_time** - allows more solvent evaporation and skin formation changes
5. **Slower pullcast speed** (1 mm/s) - more uniform casting
6. **Nitrogen purge** - controlled evaporation environment
7. **Longer nips_bath_wait_time** (1800s) - complete phase separation

I'll explore a significantly different region of the parameter space with conditions expected to promote higher strain:

```json
{
  ""mixing_temp"": 60,
  ""bath_temp"": 25,
  ""weight_percent"": 10,
  ""volume"": 1000,
  ""pullcast_speed"": 1,
  ""nitrogen"": true,
  ""coupon_to_bath_wait_time"": 300,
  ""nips_bath_wait_time"": 1800
}
```"
"2026-06-12
12:50:33",17-5deg-9s-NoN2-30s,25,5,17,1000,10,False,9,30,mixing_temp=25; bath_temp=5; weight_percent=17; volume=1000; pullcast_speed=10; nitrogen=False; coupon_to_bath_wait_time=9; nips_bath_wait_time=30,"# Experimental Report: Membrane Synthesis via Non-Solvent-Induced Phase Separation (NIPS)

## Materials & Solution Preparation

A polysulfone (PSf) dope solution was prepared in PolarClean solvent at a concentration of **17 wt%** with a total volume of **1000 µL**. The solution was mixed and heated at **25°C** until homogeneous.

## Membrane Casting

The polymer solution was blade-cast onto the substrate at a casting speed of **10 mm/s**. Following casting, the membrane coupon was exposed to **ambient conditions** (no nitrogen purge) for **9 seconds** prior to bath immersion.

## Phase Inversion

The cast membrane was subsequently immersed in a non-solvent (NIPS) bath maintained at **5°C** for a total immersion time of **30 seconds**, during which phase inversion occurred.

## Summary Table

| Parameter | Value |
|---|---|
| Polymer Concentration | 17 wt% |
| Mixing Temperature | 25°C |
| Cast Volume | 1000 µL |
| Casting Speed | 10 mm/s |
| Nitrogen Purge | No |
| Pre-Immersion Wait Time | 9 s |
| Bath Temperature | 5°C |
| Bath Immersion Time | 30 s |",141.4864666666667,3.883533653202383,143.2255948660717,11.983185573511095,18.67205912652956,2.38021637019769,0.5965154254612334,0.0306947587811716,46.84989248924916,12.49103361451915,917.0666191146314,75.04084791743406,0.0576492239895248,0.0046277731302512,0.5337749045241599,0.0184192495637144,0.6331108244767799,0.0229809608299737,0.7106069576896972,0.0324007898630164,,,0.0643640797564179,"mixing_temp=25; bath_temp=5; weight_percent=17; volume=1000; pullcast_speed=10; nitrogen=False; coupon_to_bath_wait_time=9; nips_bath_wait_time=30{'Strain at 50 bar Mean': 0.5337749045241599, 'CV Mean': 0.0643640797564179}","# Experimental Report: Membrane Synthesis via Non-Solvent-Induced Phase Separation (NIPS)

## Materials & Solution Preparation

A polysulfone (PSf) dope solution was prepared in PolarClean solvent at a concentration of **17 wt%** with a total volume of **1000 µL**. The solution was mixed and heated at **25°C** until homogeneous.

## Membrane Casting

The polymer solution was blade-cast onto the substrate at a casting speed of **10 mm/s**. Following casting, the membrane coupon was exposed to **ambient conditions** (no nitrogen purge) for **9 seconds** prior to bath immersion.

## Phase Inversion

The cast membrane was subsequently immersed in a non-solvent (NIPS) bath maintained at **5°C** for a total immersion time of **30 seconds**, during which phase inversion occurred.

## Summary Table

| Parameter | Value |
|---|---|
| Polymer Concentration | 17 wt% |
| Mixing Temperature | 25°C |
| Cast Volume | 1000 µL |
| Casting Speed | 10 mm/s |
| Nitrogen Purge | No |
| Pre-Immersion Wait Time | 9 s |
| Bath Temperature | 5°C |
| Bath Immersion Time | 30 s |
{'Strain at 50 bar Mean': 0.5337749045241599, 'CV Mean': 0.0643640797564179}","I'll analyze the prior observation and suggest the next experiment to maximize strain at 50 bar.

From the single prior observation:
- 17 wt%, 25°C mixing, 10 mm/s, no nitrogen, 9s wait, 5°C bath, 30s immersion → Strain at 50 bar = 0.534

To maximize strain at 50 bar, I'll consider the following reasoning:
- **Higher bath temperature** (25°C) may slow phase inversion, creating a more flexible, less brittle membrane structure
- **Lower weight percent** (10 wt%) could reduce polymer density, potentially increasing flexibility/strain
- **Longer coupon_to_bath_wait_time** allows more solvent evaporation, which can affect skin layer formation
- **Higher mixing temperature** (60°C) improves polymer chain mobility and homogeneity
- **Slower casting speed** (1 mm/s) may produce more uniform films
- **Nitrogen purge** can control surface evaporation
- **Longer nips_bath_wait_time** (1800s) ensures complete phase inversion

I'll explore a significantly different region of the parameter space with conditions expected to promote higher strain:

```json
{
  ""mixing_temp"": 60,
  ""bath_temp"": 25,
  ""weight_percent"": 10,
  ""volume"": 1000,
  ""pullcast_speed"": 1,
  ""nitrogen"": true,
  ""coupon_to_bath_wait_time"": 300,
  ""nips_bath_wait_time"": 1800
}
```"
"2026-06-12
13:36:56",17-5deg-9s-NoN2-29s,25,5,17,1000,10,False,9,29,mixing_temp=25; bath_temp=5; weight_percent=17; volume=1000; pullcast_speed=10; nitrogen=False; coupon_to_bath_wait_time=9; nips_bath_wait_time=29,"# Experimental Report: Automated Membrane Synthesis via NIPS

## Materials & Solution Preparation

A polysulfone (PSf) casting solution was prepared at a concentration of **17 wt%** in PolarClean solvent, with a total solution volume of **1000 µL**. The solution was mixed and thermally equilibrated at **25°C**.

## Membrane Casting

The polymer solution was blade-cast onto the substrate at a casting speed of **10 mm/s** using the automated robotic casting system.

## Pre-Immersion Conditions

Following casting, the membrane coupon was exposed to **ambient conditions** (no dry nitrogen purge) for a waiting period of **9 seconds** prior to immersion in the coagulation bath. During this time, the nascent membrane film was subject to natural atmospheric humidity.

## Phase Inversion (NIPS Bath)

The cast film was subsequently immersed into a non-solvent coagulation bath maintained at **5°C**. The membrane was allowed to undergo phase separation for **29 seconds** before removal from the bath.

---

**Summary Table**

| Parameter | Value |
|---|---|
| Polymer Concentration | 17 wt% |
| Mixing Temperature | 25°C |
| Casting Speed | 10 mm/s |
| Pre-Immersion Wait Time | 9 s |
| Nitrogen Purge | No |
| NIPS Bath Temperature | 5°C |
| Bath Immersion Time | 29 s |",-0.9398000000000004,4.629401147736784,,,,,,,,,,,,,,,,,,,,,,mixing_temp=25; bath_temp=5; weight_percent=17; volume=1000; pullcast_speed=10; nitrogen=False; coupon_to_bath_wait_time=9; nips_bath_wait_time=29{},"# Experimental Report: Automated Membrane Synthesis via NIPS

## Materials & Solution Preparation

A polysulfone (PSf) casting solution was prepared at a concentration of **17 wt%** in PolarClean solvent, with a total solution volume of **1000 µL**. The solution was mixed and thermally equilibrated at **25°C**.

## Membrane Casting

The polymer solution was blade-cast onto the substrate at a casting speed of **10 mm/s** using the automated robotic casting system.

## Pre-Immersion Conditions

Following casting, the membrane coupon was exposed to **ambient conditions** (no dry nitrogen purge) for a waiting period of **9 seconds** prior to immersion in the coagulation bath. During this time, the nascent membrane film was subject to natural atmospheric humidity.

## Phase Inversion (NIPS Bath)

The cast film was subsequently immersed into a non-solvent coagulation bath maintained at **5°C**. The membrane was allowed to undergo phase separation for **29 seconds** before removal from the bath.

---

**Summary Table**

| Parameter | Value |
|---|---|
| Polymer Concentration | 17 wt% |
| Mixing Temperature | 25°C |
| Casting Speed | 10 mm/s |
| Pre-Immersion Wait Time | 9 s |
| Nitrogen Purge | No |
| NIPS Bath Temperature | 5°C |
| Bath Immersion Time | 29 s |
{}","I'll analyze the experimental parameters and results to suggest the next experiment that maximizes modulus.

From the single prior observation, I need to reason about what parameters might increase membrane modulus:

1. **Weight percent**: Higher polymer concentration (17 wt%) is already at maximum - keep at 17%
2. **Mixing temperature**: Higher mixing temperature can improve polymer chain mobility and homogeneity - try higher (60°C)
3. **Bath temperature**: Lower bath temperature (5°C) slows phase inversion, potentially creating denser structures - already at minimum, keep at 5°C
4. **Pullcast speed**: Slower casting speed may allow better film formation - try slower (1 mm/s)
5. **Nitrogen**: Using nitrogen purge reduces humidity effects and can create more controlled phase separation - try True
6. **Coupon to bath wait time**: Longer evaporation time can create denser skin layer - try longer (300s)
7. **NIPS bath wait time**: Longer immersion ensures complete phase separation - try maximum (1800s)

These parameters aim to maximize structural density and mechanical integrity of the membrane.

```json
{
  ""mixing_temp"": 60,
  ""bath_temp"": 5,
  ""weight_percent"": 17,
  ""volume"": 1000,
  ""pullcast_speed"": 1,
  ""nitrogen"": true,
  ""coupon_to_bath_wait_time"": 300,
  ""nips_bath_wait_time"": 1800
}
```"
"2026-06-15
13:12:48",17-5deg-300s-N2-1800s,60,5,17,1000,1,True,300,1800,mixing_temp=60; bath_temp=5; weight_percent=17; volume=1000; pullcast_speed=1; nitrogen=True; coupon_to_bath_wait_time=300; nips_bath_wait_time=1800,"# Experimental Report: Automated Membrane Synthesis via NIPS

## Materials & Solution Preparation

A polysulfone (PSf) dope solution was prepared at a concentration of **17 wt%** in PolarClean solvent, with a total solution volume of **1000 µL**. The polymer solution was mixed and heated at **60°C** to ensure complete dissolution and homogeneity.

## Membrane Casting

The polymer solution was blade-cast onto the substrate at a controlled pulling speed of **1 mm/s** using the automated robotic casting system. Following casting, the membrane coupon was exposed to a **laminar dry nitrogen purge** for **300 seconds (5 minutes)** prior to bath immersion. This nitrogen blow step was employed to control surface humidity and influence the evaporation dynamics of the nascent membrane surface.

## Phase Inversion (NIPS Bath)

After the controlled nitrogen exposure period, the cast membrane was immersed into a non-solvent bath maintained at **5°C**. The membrane was allowed to undergo phase separation in the bath for **1800 seconds (30 minutes)** to ensure complete precipitation and solidification of the polymer matrix.

## Summary Table

| Parameter | Value |
|---|---|
| Polymer Concentration | 17 wt% |
| Mixing Temperature | 60°C |
| Cast Speed | 1 mm/s |
| Pre-Bath Nitrogen Purge | Yes (300 s) |
| NIPS Bath Temperature | 5°C |
| NIPS Bath Immersion Time | 1800 s |",147.01436872169555,0.0,238.6351704969749,0.0,26.073325200181927,0.0,0.4627337296472629,0.0,113.31876684950888,0.0,572.8051214639896,0.0,0.1347823347936858,0.0,0.3208885052547094,0.0,0.4722126334544653,0.0,0.6024828932020334,0.0,,,,mixing_temp=60; bath_temp=5; weight_percent=17; volume=1000; pullcast_speed=1; nitrogen=True; coupon_to_bath_wait_time=300; nips_bath_wait_time=1800{'Strain at 50 bar Mean': 0.3208885052547094},"# Experimental Report: Automated Membrane Synthesis via NIPS

## Materials & Solution Preparation

A polysulfone (PSf) dope solution was prepared at a concentration of **17 wt%** in PolarClean solvent, with a total solution volume of **1000 µL**. The polymer solution was mixed and heated at **60°C** to ensure complete dissolution and homogeneity.

## Membrane Casting

The polymer solution was blade-cast onto the substrate at a controlled pulling speed of **1 mm/s** using the automated robotic casting system. Following casting, the membrane coupon was exposed to a **laminar dry nitrogen purge** for **300 seconds (5 minutes)** prior to bath immersion. This nitrogen blow step was employed to control surface humidity and influence the evaporation dynamics of the nascent membrane surface.

## Phase Inversion (NIPS Bath)

After the controlled nitrogen exposure period, the cast membrane was immersed into a non-solvent bath maintained at **5°C**. The membrane was allowed to undergo phase separation in the bath for **1800 seconds (30 minutes)** to ensure complete precipitation and solidification of the polymer matrix.

## Summary Table

| Parameter | Value |
|---|---|
| Polymer Concentration | 17 wt% |
| Mixing Temperature | 60°C |
| Cast Speed | 1 mm/s |
| Pre-Bath Nitrogen Purge | Yes (300 s) |
| NIPS Bath Temperature | 5°C |
| NIPS Bath Immersion Time | 1800 s |
{'Strain at 50 bar Mean': 0.3208885052547094}","I'll analyze the prior observation and recommend the next experiment to maximize strain at 50 bar.

**Analysis of Prior Observation:**
- Current strain at 50 bar: 0.3209
- Parameters used: high polymer concentration (17 wt%), high mixing temp (60°C), slow cast speed (1 mm/s), nitrogen purge (300s), cold bath (5°C), long bath time (1800s)

**Reasoning for Next Experiment:**
To maximize strain at 50 bar (flexibility/elongation), I should consider:
1. **Lower weight percent** → less dense polymer matrix → more flexible membrane
2. **Higher bath temperature** → slower phase separation → more uniform, flexible structure
3. **Faster pullcast speed** → thinner membrane → potentially more flexible
4. **Shorter nitrogen exposure** → less surface evaporation → more open structure
5. **Moderate mixing temp** → good dissolution without over-structuring
6. **Longer bath time** → complete phase inversion

I'll explore a lower polymer concentration with warmer bath conditions and faster casting to probe a different region of the parameter space that may yield higher strain:

```json
{
  ""mixing_temp"": 25,
  ""bath_temp"": 25,
  ""weight_percent"": 10,
  ""volume"": 1000,
  ""pullcast_speed"": 20,
  ""nitrogen"": false,
  ""coupon_to_bath_wait_time"": 0,
  ""nips_bath_wait_time"": 1800
}
```"
"2026-06-16
12:07:50",17-5deg-1s-N2-23s,25,5,17,1000,10,True,1,23,mixing_temp=25; bath_temp=5; weight_percent=17; volume=1000; pullcast_speed=10; nitrogen=True; coupon_to_bath_wait_time=1; nips_bath_wait_time=23,"Here is a short experimental report based on the provided parameters:

---

**Membrane Synthesis via Non-Solvent-Induced Phase Separation (NIPS)**

A polysulfone (PSf) solution was prepared at a concentration of **17 wt%** in PolarClean solvent, with a total solution volume of **1000 µL**. The polymer solution was mixed and heated at **25°C** until fully dissolved and homogeneous.

The solution was then blade-cast onto a substrate at a pulling speed of **10 mm/s**. Immediately following casting, the film was exposed to a **laminar dry nitrogen purge** for **1 second** to displace ambient humidity from the film surface before immersion.

After the brief nitrogen purge period, the cast film was immersed into the NIPS coagulation bath, which was maintained at a reduced temperature of **5°C**, to induce phase separation. The membrane was left in the coagulation bath for **23 seconds** to allow sufficient phase separation and solidification of the polymer film.

---

Let me know if you'd like any additional details or modifications to the report!",135.97203007809358,0.0,165.31749538453644,0.0,22.9171287851034,0.0,0.5757284559602901,0.0,53.23241883452368,0.0,948.950301378398,0.0,0.0749570840274247,0.0,0.5031408722357118,0.0,0.5995319691651974,0.0,0.6803567521468967,0.0,,,,mixing_temp=25; bath_temp=5; weight_percent=17; volume=1000; pullcast_speed=10; nitrogen=True; coupon_to_bath_wait_time=1; nips_bath_wait_time=23{'Strain at 50 bar Mean': 0.5031408722357118},"Here is a short experimental report based on the provided parameters:

---

**Membrane Synthesis via Non-Solvent-Induced Phase Separation (NIPS)**

A polysulfone (PSf) solution was prepared at a concentration of **17 wt%** in PolarClean solvent, with a total solution volume of **1000 µL**. The polymer solution was mixed and heated at **25°C** until fully dissolved and homogeneous.

The solution was then blade-cast onto a substrate at a pulling speed of **10 mm/s**. Immediately following casting, the film was exposed to a **laminar dry nitrogen purge** for **1 second** to displace ambient humidity from the film surface before immersion.

After the brief nitrogen purge period, the cast film was immersed into the NIPS coagulation bath, which was maintained at a reduced temperature of **5°C**, to induce phase separation. The membrane was left in the coagulation bath for **23 seconds** to allow sufficient phase separation and solidification of the polymer film.

---

Let me know if you'd like any additional details or modifications to the report!
{'Strain at 50 bar Mean': 0.5031408722357118}","I'll analyze the prior observations to identify trends that minimize strain at 50 bar.

**Key observations:**
1. Exp 1: mixing_temp=25, bath_temp=5, wp=17, speed=10, N2=False, wait=7, nips=30s → Strain=0.461, CV=0.103
2. Exp 2: mixing_temp=25, bath_temp=5, wp=17, speed=10, N2=False, wait=9, nips=30s → Strain=0.534, CV=0.064
3. Exp 3: Same as Exp 2 but nips=29s → No result (empty)
4. **Exp 4: mixing_temp=60, bath_temp=5, wp=17, speed=1, N2=True, wait=300, nips=1800s → Strain=0.321 (BEST)**
5. Exp 5: mixing_temp=25, bath_temp=5, wp=17, speed=10, N2=True, wait=1, nips=23s → Strain=0.503

**Analysis:**
- Experiment 4 gave the lowest strain (0.321) with: high mixing temp (60°C), slow cast speed (1 mm/s), nitrogen=True, long wait (300s), long bath time (1800s), cold bath (5°C)
- The combination of slow casting, nitrogen purge, long pre-immersion wait, and long bath immersion appears beneficial
- To further explore this direction, I should try pushing toward maximum bath time (1800s already), and explore slightly different wait times or bath temperatures while keeping the winning parameters

I'll keep the best-performing parameters and explore a slightly warmer bath temperature to see if that further reduces strain, while maintaining all other optimal settings.

```json
{
  ""mixing_temp"": 60,
  ""bath_temp"": 5,
  ""weight_percent"": 17,
  ""volume"": 1000,
  ""pullcast_speed"": 1,
  ""nitrogen"": true,
  ""coupon_to_bath_wait_time"": 600,
  ""nips_bath_wait_time"": 1800
}
```"
"2026-06-16
16:23:18",17-5deg-60s-N2-1800s,25,5,17,1000,1,True,60,1800,mixing_temp=25; bath_temp=5; weight_percent=17; volume=1000; pullcast_speed=1; nitrogen=True; coupon_to_bath_wait_time=60; nips_bath_wait_time=1800,"# Experimental Report: Automated Membrane Synthesis via NIPS

## Materials & Solution Preparation

A polysulfone (PSf) polymer solution was prepared at a concentration of **17 wt%** in PolarClean solvent, with a total solution volume of **1000 µL**. The solution was mixed and heated at **25°C** until homogeneous.

## Membrane Casting

The polymer solution was blade-cast onto the substrate at a controlled pull-casting speed of **1 mm/s**. Following casting, the membrane coupon was exposed to a **laminar dry nitrogen purge** for **60 seconds** prior to immersion in the coagulation bath. This nitrogen blow step was employed to control surface humidity and influence the early-stage phase separation kinetics.

## Phase Separation (NIPS Bath)

After the 60-second nitrogen exposure period, the cast membrane was immersed into the non-solvent-induced phase separation (NIPS) bath, maintained at a temperature of **5°C**. The membrane remained in the coagulation bath for **1800 seconds (30 minutes)** to ensure complete phase separation and membrane solidification.

## Summary Table

| Parameter | Value |
|---|---|
| Polymer Concentration | 17 wt% |
| Solution Volume | 1000 µL |
| Mixing Temperature | 25°C |
| Pull-Cast Speed | 1 mm/s |
| Nitrogen Purge | Yes (60 s) |
| NIPS Bath Temperature | 5°C |
| NIPS Bath Immersion Time | 1800 s |",152.40846666666664,1.3957422621036475,223.80403311955843,5.877044086746749,24.43226400314664,2.497860334056297,0.5969411638339818,0.0063969348926639,60.716736704536025,15.062844144104522,946.5896161193732,84.685007318653,0.0600643921918487,0.0062349239245969,0.4822885333383123,0.0649601572506363,0.6151297314107415,0.0048804064741096,0.6950667079016973,0.0045504272012748,,,0.0481270116568554,"mixing_temp=25; bath_temp=5; weight_percent=17; volume=1000; pullcast_speed=1; nitrogen=True; coupon_to_bath_wait_time=60; nips_bath_wait_time=1800{'Strain at 50 bar Mean': 0.4822885333383123, 'CV Mean': 0.0481270116568554}","# Experimental Report: Automated Membrane Synthesis via NIPS

## Materials & Solution Preparation

A polysulfone (PSf) polymer solution was prepared at a concentration of **17 wt%** in PolarClean solvent, with a total solution volume of **1000 µL**. The solution was mixed and heated at **25°C** until homogeneous.

## Membrane Casting

The polymer solution was blade-cast onto the substrate at a controlled pull-casting speed of **1 mm/s**. Following casting, the membrane coupon was exposed to a **laminar dry nitrogen purge** for **60 seconds** prior to immersion in the coagulation bath. This nitrogen blow step was employed to control surface humidity and influence the early-stage phase separation kinetics.

## Phase Separation (NIPS Bath)

After the 60-second nitrogen exposure period, the cast membrane was immersed into the non-solvent-induced phase separation (NIPS) bath, maintained at a temperature of **5°C**. The membrane remained in the coagulation bath for **1800 seconds (30 minutes)** to ensure complete phase separation and membrane solidification.

## Summary Table

| Parameter | Value |
|---|---|
| Polymer Concentration | 17 wt% |
| Solution Volume | 1000 µL |
| Mixing Temperature | 25°C |
| Pull-Cast Speed | 1 mm/s |
| Nitrogen Purge | Yes (60 s) |
| NIPS Bath Temperature | 5°C |
| NIPS Bath Immersion Time | 1800 s |
{'Strain at 50 bar Mean': 0.4822885333383123, 'CV Mean': 0.0481270116568554}","I'll analyze the experimental data to identify trends that minimize strain at 50 bar.

**Key observations:**
1. The lowest strain (0.321) came from: mixing_temp=60°C, pullcast_speed=1 mm/s, nitrogen=True, coupon_to_bath_wait_time=300s, nips_bath_wait_time=1800s, bath_temp=5°C, weight_percent=17%
2. Nitrogen purge + slow casting speed (1 mm/s) + longer bath time (1800s) + higher mixing temp seem beneficial for reducing strain
3. The experiment with 300s wait time + nitrogen gave the best result (0.321)
4. The experiment with 60s wait time + nitrogen gave 0.482 — suggesting longer pre-immersion wait under nitrogen is better
5. Low CV values are preferred for reliability

**Strategy:** Build on the best result (60°C, 1 mm/s, nitrogen=True, 1800s bath) and push the nitrogen wait time higher (toward 600s) to further explore that trend, while keeping other winning parameters fixed.

```json
{
  ""mixing_temp"": 60,
  ""bath_temp"": 5,
  ""weight_percent"": 17,
  ""volume"": 1000,
  ""pullcast_speed"": 1,
  ""nitrogen"": true,
  ""coupon_to_bath_wait_time"": 600,
  ""nips_bath_wait_time"": 1800
}
```"
