date,name,mixing_temp,bath_temp,weight_percent,volume,pullcast_speed,nitrogen,coupon_to_bath_wait_time,nips_bath_wait_time,formatted_parameters,initial_report,Air Temp Mean,Humidity Mean,Thickness Mean,Thickness SD,Elastic Modulus Mean,Elastic Modulus SD,Yield Strength Mean,Yield Strength SD,Pore Fraction Mean,Pore Fraction SD,Slope Plateau Mean,Slope Plateau SD,Slope Densification Mean,Slope Densification SD,Creep Strain Mean,Creep Strain SD,Strain at 50 bar Mean,Strain at 50 bar SD,Strain at 80 bar Mean,Strain at 80 bar SD,Strain at 150 bar Mean,Strain at 150 bar SD,Strain at 500 bar Mean,Strain at 500 bar SD,CV Mean,formatted_parameters_withProp,final_report,quality_result,quality_report
"2026-08-10
16:03:51",21-0add-5deg-300s-N2-1800s_run2_preDiscard,60,5,,,1,True,300,1800,mixing_temp=60; bath_temp=5; pullcast_speed=1; nitrogen=True; coupon_to_bath_wait_time=300; nips_bath_wait_time=1800; Air Temp Mean=24.51; Humidity Mean=49.01,,24.51,49.01,59.62021151351802,37.729262508602325,187.26170782046083,138.9725079448472,50.684008713142966,53.29676364848784,0.4888349066193554,0.4518249177343854,-72.00940874762456,69.6177543395275,-257.9327578510212,289.2643828833799,0.2014699535408253,0.0543707296632963,0.6930771609169275,0.0,0.4054442839594756,0.0,,,,,1.4132155987448338,"mixing_temp=60; bath_temp=5; pullcast_speed=1; nitrogen=True; coupon_to_bath_wait_time=300; nips_bath_wait_time=1800; Air Temp Mean=24.51; Humidity Mean=49.01

{'Air Temp Mean': 24.51, 'Humidity Mean': 49.01, 'Elastic Modulus Mean': 187.26170782046083, 'CV Mean': 1.4132155987448338}",,"{""image_path"": ""C:\\Users\\opentrons\\Documents\\Auto-Membranes\\data\\raw\\21-0add-5deg-300s-N2-1800s_run2\\1786289193.3743327.jpg""}","- **Presence:** Membrane is visible, presenting a pale blue-white cast across the aperture.
- **Vertical Coverage:** Membrane appears to reach both the top and bottom edges of the aperture with no clear vertical gap detected.
- **Uniformity:** Non-uniform — notable patchiness with a brighter central zone, uneven opacity variation, and irregular lighter/darker regions throughout.
- **Defects:** Multiple trapped air bubbles visible, particularly concentrated along the perimeter; surface also shows localized raised/bumpy texture consistent with bubble entrapment. No prominent wrinkles observed.
- **Summary:** Membrane is present with adequate vertical coverage, but significant air bubble entrapment and opacity non-uniformity represent notable fabrication defects."
"2026-08-10
16:03:51",21-0add-5deg-300s-N2-1800s_run2_postDiscard,60,5,,,1,True,300,1800,mixing_temp=60; bath_temp=5; pullcast_speed=1; nitrogen=True; coupon_to_bath_wait_time=300; nips_bath_wait_time=1800; Air Temp Mean=nan; Humidity Mean=nan,,,,,,,,,,,,,,,,,,,,,,,,,,,"mixing_temp=60; bath_temp=5; pullcast_speed=1; nitrogen=True; coupon_to_bath_wait_time=300; nips_bath_wait_time=1800; Air Temp Mean=nan; Humidity Mean=nan
MEMBRANE DETECTION: 3/4 replicates detected a membrane.
FIT DETECTION: 0/3 of detected membranes passed quality checks.
OUTCOME: PARTIAL_COVERAGE_NO_FIT
INTERPRETATION: 3/4 replicates detected a membrane but none passed the fit quality check. The membrane that did form was structurally unacceptable — likely a very thin skin layer, a collapsed asymmetric structure, or a degenerate sponge with no defined elastic/plateau/densification regime. These parameters sit near a phase boundary where only poor structures form. A major parameter change is needed — consider adjusting polymer concentration, evaporation time, or bath temperature significantly.",,"{""image_path"": ""C:\\Users\\opentrons\\Documents\\Auto-Membranes\\data\\raw\\21-0add-5deg-300s-N2-1800s_run2\\1786289193.3743327.jpg""}","- **Presence:** Membrane is visible, presenting a pale blue-white cast across the aperture.
- **Vertical Coverage:** Membrane appears to reach both the top and bottom edges of the aperture with no clear vertical gap detected.
- **Uniformity:** Non-uniform — notable patchiness with a brighter central zone, uneven opacity variation, and irregular lighter/darker regions throughout.
- **Defects:** Multiple trapped air bubbles visible, particularly concentrated along the perimeter; surface also shows localized raised/bumpy texture consistent with bubble entrapment. No prominent wrinkles observed.
- **Summary:** Membrane is present with adequate vertical coverage, but significant air bubble entrapment and opacity non-uniformity represent notable fabrication defects."
