date,name,mixing_temp,bath_temp,polymer_wt,additive_wt,pullcast_speed,nitrogen,coupon_to_bath_wait_time,nips_bath_wait_time,formatted_parameters,initial_report,Air Temp Mean,Humidity Mean,Thickness Mean,Thickness SD,Elastic Modulus Mean,Elastic Modulus SD,Yield Strength Mean,Yield Strength SD,Pore Fraction Mean,Pore Fraction SD,Slope Plateau Mean,Slope Plateau SD,Slope Densification Mean,Slope Densification SD,Creep Strain Mean,Creep Strain SD,Strain at 50 bar Mean,Strain at 50 bar SD,Strain at 80 bar Mean,Strain at 80 bar SD,Strain at 150 bar Mean,Strain at 150 bar SD,Strain at 500 bar Mean,Strain at 500 bar SD,CV Mean,formatted_parameters_withProp,final_report,Discarded Fit Quality Mean,Discarded Fit Reasons
"2026-08-11
17:38:40",10-0add-5deg-60s-N2-121s,25,5,10,0,10,True,60,121,mixing_temp=25; bath_temp=5; polymer_wt=10; additive_wt=0; pullcast_speed=10; nitrogen=True; coupon_to_bath_wait_time=60; nips_bath_wait_time=121; Air Temp Mean=nan; Humidity Mean=nan,,,,,,,,,,,,,,,,,,,,,,,,,,,"mixing_temp=25; bath_temp=5; polymer_wt=10; additive_wt=0; pullcast_speed=10; nitrogen=True; coupon_to_bath_wait_time=60; nips_bath_wait_time=121; Air Temp Mean=nan; Humidity Mean=nan
MEMBRANE DETECTION: 4/4 replicates detected a membrane.
FIT DETECTION: 0/4 of detected membranes passed quality checks.
OUTCOME: NO_FIT
INTERPRETATION: A membrane was detected in all 4/4 replicates but zero fits passed quality checks. This strongly indicates the current parameters produce a structurally degenerate membrane — likely a fully collapsed asymmetric structure, a pure sponge morphology with no well-defined mechanical phases, or an extremely brittle/weak skin layer that fails before exhibiting a normal elastic-plateau-densification response. These parameters are mechanically unacceptable. A major shift in parameter space is required — significantly change at least one of: evaporation time, polymer concentration, or bath temperature.",,,
"2026-08-12
15:41:52",10-0add-5deg-6s-N2-121s,25,5,10,0,10,True,6,121,mixing_temp=25; bath_temp=5; polymer_wt=10; additive_wt=0; pullcast_speed=10; nitrogen=True; coupon_to_bath_wait_time=6; nips_bath_wait_time=121; Air Temp Mean=nan; Humidity Mean=nan,,,,,,,,,,,,,,,,,,0.6944046845434622,0.0184045023128953,,,,,,,,"mixing_temp=25; bath_temp=5; polymer_wt=10; additive_wt=0; pullcast_speed=10; nitrogen=True; coupon_to_bath_wait_time=6; nips_bath_wait_time=121; Air Temp Mean=nan; Humidity Mean=nan

{'Air Temp Mean': nan, 'Humidity Mean': nan, 'Elastic Modulus Mean': nan, 'Strain at 50 bar Mean': 0.6944046845434622, 'CV Mean': nan}, 'Discarded Fit Quality Mean': '39.0/100', 'Discarded Fit Reasons': '3 failed due to plateau slope >= elastic modulus, no real transition; 1 failed due to elastic/plateau junction mismatch'",,39.0,"3 failed due to plateau slope >= elastic modulus, no real transition; 1 failed due to elastic/plateau junction mismatch"
"2026-08-12
17:26:11",10-0add-5deg-6s-N2-121s_run2,25,5,10,0,10,True,6,121,mixing_temp=25; bath_temp=5; polymer_wt=10; additive_wt=0; pullcast_speed=10; nitrogen=True; coupon_to_bath_wait_time=6; nips_bath_wait_time=121; Air Temp Mean=nan; Humidity Mean=nan,,,,,,,,,,,,,,,,,,0.7047253299361864,0.0089436698343139,,,,,,,,"mixing_temp=25; bath_temp=5; polymer_wt=10; additive_wt=0; pullcast_speed=10; nitrogen=True; coupon_to_bath_wait_time=6; nips_bath_wait_time=121; Air Temp Mean=nan; Humidity Mean=nan

{'Air Temp Mean': nan, 'Humidity Mean': nan, 'Elastic Modulus Mean': nan, 'Strain at 50 bar Mean': 0.7047253299361864, 'CV Mean': nan}, 'Discarded Fit Quality Mean': '49.5/100', 'Discarded Fit Reasons': '3 failed due to elastic/plateau junction mismatch; 1 failed due to plateau slope >= elastic modulus, no real transition'",,49.5,"3 failed due to elastic/plateau junction mismatch; 1 failed due to plateau slope >= elastic modulus, no real transition"
