date,name,Trial,Thickness,Elastic Modulus,Yield Strength,Slope Plateau,Slope Densification,Creep Strain,Toe Region,Strain at 50 bar,Strain at 80 bar,Strain at 150 bar,Strain at 500 bar,Good Fit,Good Fit Score,Good Fit Breakdown,Average Standard Deviation,CV,mixing_temp,bath_temp,polymer_wt,additive_wt,pullcast_speed,nitrogen,coupon_to_bath_wait_time,nips_bath_wait_time
"2026-08-17
17:41:28",17-0add-5deg-30s-N2-125s_run3 | rep 1,sample 5,141.84360471497763,208.13591881711287,24.151231223530544,89.27333312189778,482.6172649601047,0.106238273790242,0.1114009757814238,0.4667581404447838,0.6389259539617584,,,True,86,"{""elastic_r2"": {""pts"": 27, ""max"": 30, ""note"": ""NRMSE-score=0.899 (RMSE=1.97, range=19.49)""}, ""plateau_r2_start"": {""pts"": 14, ""max"": 15, ""note"": ""R\u00b2(first 40%)=0.925""}, ""densification_r2"": {""pts"": 13, ""max"": 15, ""note"": ""R\u00b2=0.865""}, ""yield_accuracy"": {""pts"": 25, ""max"": 25, ""note"": ""elastic tail undershoots data by 4.6% of elastic range""}, ""junction_continuity"": {""pts"": 13, ""max"": 15, ""note"": ""gap=1.9%""}, ""plateau_r2_full_penalty"": {""pts"": 0, ""max"": 0, ""note"": ""R\u00b2(full)=0.883""}, ""elastic_modulus_penalty"": {""pts"": 0, ""max"": 0, ""note"": ""E=208.1 bar ok""}, ""bp1_accuracy_penalty"": {""pts"": -5, ""max"": 0, ""note"": ""GAM slope drops 44% in early plateau \u2014 bp1 suspect | plateau spans 32% of remaining stress \u2014 ok""}, ""changepoint_curvature_penalty"": {""pts"": -1, ""max"": 0, ""note"": ""d2_norm=0.66, linear_stretch=33%""}, ""slope_ratio_penalty"": {""pts"": 0, ""max"": 0, ""note"": ""plateau/elastic slope ratio=0.43 \u2014 good separation""}, ""_score_final"": {""pts"": 86, ""max"": 100, ""note"": ""no catastrophic applied""}}",56.98624035148861,0.1523264538818827,25,5,17.0,0.0,10,True,30,125
"2026-08-17
17:41:28",17-0add-5deg-30s-N2-125s_run3 | rep 2,sample 6,134.0846311019163,128.47868306715114,29.253219871026296,96.85744694630836,450.8065250003041,0.1084526728697351,0.0,0.4439163005729531,0.6336637569551591,,,True,81,"{""elastic_r2"": {""pts"": 29, ""max"": 30, ""note"": ""NRMSE-score=0.954 (RMSE=1.45, range=31.33)""}, ""plateau_r2_start"": {""pts"": 13, ""max"": 15, ""note"": ""R\u00b2(first 40%)=0.897""}, ""densification_r2"": {""pts"": 13, ""max"": 15, ""note"": ""R\u00b2=0.897""}, ""yield_accuracy"": {""pts"": 25, ""max"": 25, ""note"": ""elastic tail undershoots data by 1.8% of elastic range""}, ""junction_continuity"": {""pts"": 14, ""max"": 15, ""note"": ""gap=1.3%""}, ""plateau_r2_full_penalty"": {""pts"": 0, ""max"": 0, ""note"": ""R\u00b2(full)=0.922""}, ""elastic_modulus_penalty"": {""pts"": 0, ""max"": 0, ""note"": ""E=128.5 bar ok""}, ""bp1_accuracy_penalty"": {""pts"": 0, ""max"": 0, ""note"": ""GAM slope stable in early plateau (drop=12%) \u2014 ok | plateau spans 33% of remaining stress \u2014 ok""}, ""changepoint_curvature_penalty"": {""pts"": -1, ""max"": 0, ""note"": ""d2_norm=0.62, linear_stretch=17%""}, ""slope_ratio_penalty"": {""pts"": -12, ""max"": 0, ""note"": ""plateau/elastic slope ratio=0.75 \u2014 nearly parallel (-12 pts)""}, ""_score_final"": {""pts"": 81, ""max"": 100, ""note"": ""no catastrophic applied""}}",56.72300913475227,0.1523264538818827,25,5,17.0,0.0,10,True,30,125
"2026-08-17
17:41:28",17-0add-5deg-30s-N2-125s_run3 | rep 3,sample 7,141.16596214386,168.8802969732876,29.56298038197837,78.60637680441165,554.7288918695116,0.0908646801622632,0.0682444537051459,0.4483322834086346,0.5837883557869765,,,True,93,"{""elastic_r2"": {""pts"": 28, ""max"": 30, ""note"": ""NRMSE-score=0.938 (RMSE=1.79, range=29.00)""}, ""plateau_r2_start"": {""pts"": 14, ""max"": 15, ""note"": ""R\u00b2(first 40%)=0.907""}, ""densification_r2"": {""pts"": 13, ""max"": 15, ""note"": ""R\u00b2=0.890""}, ""yield_accuracy"": {""pts"": 25, ""max"": 25, ""note"": ""elastic tail undershoots data by 0.8% of elastic range""}, ""junction_continuity"": {""pts"": 15, ""max"": 15, ""note"": ""gap=0.1%""}, ""plateau_r2_full_penalty"": {""pts"": 0, ""max"": 0, ""note"": ""R\u00b2(full)=0.737""}, ""elastic_modulus_penalty"": {""pts"": 0, ""max"": 0, ""note"": ""E=168.9 bar ok""}, ""bp1_accuracy_penalty"": {""pts"": 0, ""max"": 0, ""note"": ""GAM slope stable in early plateau (drop=17%) \u2014 ok | plateau spans 21% of remaining stress \u2014 ok""}, ""changepoint_curvature_penalty"": {""pts"": -2, ""max"": 0, ""note"": ""d2_norm=0.44, linear_stretch=30%""}, ""slope_ratio_penalty"": {""pts"": 0, ""max"": 0, ""note"": ""plateau/elastic slope ratio=0.47 \u2014 good separation""}, ""_score_final"": {""pts"": 93, ""max"": 100, ""note"": ""no catastrophic applied""}}",56.02330534357457,0.1523264538818827,25,5,17.0,0.0,10,True,30,125
"2026-08-17
17:41:28",17-0add-5deg-30s-N2-125s_run3 | rep 4,sample 8,132.78563225826855,275.41295015074286,21.9952232327405,95.63777490012632,559.1915261389815,0.1134253439898221,0.00723435326034,0.3406315520539392,0.4658837607902266,,,True,82,"{""elastic_r2"": {""pts"": 25, ""max"": 30, ""note"": ""NRMSE-score=0.842 (RMSE=3.87, range=24.51)""}, ""plateau_r2_start"": {""pts"": 14, ""max"": 15, ""note"": ""R\u00b2(first 40%)=0.900""}, ""densification_r2"": {""pts"": 13, ""max"": 15, ""note"": ""R\u00b2=0.864""}, ""yield_accuracy"": {""pts"": 25, ""max"": 25, ""note"": ""elastic tail undershoots data by 4.9% of elastic range""}, ""junction_continuity"": {""pts"": 10, ""max"": 15, ""note"": ""gap=4.9%""}, ""plateau_r2_full_penalty"": {""pts"": 0, ""max"": 0, ""note"": ""R\u00b2(full)=0.903""}, ""elastic_modulus_penalty"": {""pts"": 0, ""max"": 0, ""note"": ""E=275.4 bar ok""}, ""bp1_accuracy_penalty"": {""pts"": -5, ""max"": 0, ""note"": ""GAM slope drops 58% in early plateau \u2014 bp1 suspect | plateau spans 28% of remaining stress \u2014 ok""}, ""changepoint_curvature_penalty"": {""pts"": 0, ""max"": 0, ""note"": ""d2_norm=1.50, linear_stretch=50%""}, ""slope_ratio_penalty"": {""pts"": 0, ""max"": 0, ""note"": ""plateau/elastic slope ratio=0.35 \u2014 good separation""}, ""_score_final"": {""pts"": 82, ""max"": 100, ""note"": ""no catastrophic applied""}}",55.92682242928253,0.1523264538818827,25,5,17.0,0.0,10,True,30,125
"2026-08-17
18:48:28",17-0add-5deg-60s-N2-1200s | rep 1,sample 13,120.02206407905382,213.20762588043291,81.03256800044375,290.08707305169077,27.657268085174536,0.24675582835294896,0.18027030983477024,,0.2789972750426879,,,False,22,"{""elastic_r2"": {""pts"": 27, ""max"": 30, ""note"": ""NRMSE-score=0.915 (RMSE=3.18, range=37.49)""}, ""plateau_r2_start"": {""pts"": 10, ""max"": 15, ""note"": ""R\u00b2(first 40%)=0.699""}, ""densification_r2"": {""pts"": 0, ""max"": 15, ""note"": ""insufficient data""}, ""yield_accuracy"": {""pts"": 25, ""max"": 25, ""note"": ""elastic tail undershoots data by 6.2% of elastic range""}, ""junction_continuity"": {""pts"": 12, ""max"": 15, ""note"": ""gap=3.0%""}, ""plateau_r2_full_penalty"": {""pts"": 0, ""max"": 0, ""note"": ""R\u00b2(full)=0.868""}, ""elastic_modulus_penalty"": {""pts"": 0, ""max"": 0, ""note"": ""E=213.2 bar ok""}, ""bp1_accuracy_penalty"": {""pts"": -30, ""max"": 0, ""note"": ""GAM slope stable in early plateau (drop=-5%) \u2014 ok | plateau spans 83% of remaining stress \u2014 elastic peak likely wrong""}, ""catastrophic_slope_vs_modulus"": {""pts"": 0, ""max"": 0, ""note"": ""slope ratio=1.36 \u2014 plateau slope \u226595% of elastic""}, ""catastrophic_slope_ordering"": {""pts"": 0, ""max"": 0, ""note"": ""densif=27.7 <= plateau=290.1""}, ""_score_final"": {""pts"": 22, ""max"": 100, ""note"": ""after catastrophic halving""}}",53.97700236892869,0.23267847285552298,60,5,17.0,0.0,5,True,60,1200
"2026-08-17
18:48:28",17-0add-5deg-60s-N2-1200s | rep 2,sample 14,126.31872677198176,199.11917890771122,39.69704843532726,129.43504312771032,349.142364480183,0.24953861399267707,0.0,0.12562995030514756,0.29878340189888,,,True,81,"{""elastic_r2"": {""pts"": 24, ""max"": 30, ""note"": ""NRMSE-score=0.784 (RMSE=9.16, range=42.37)""}, ""plateau_r2_start"": {""pts"": 11, ""max"": 15, ""note"": ""R\u00b2(first 40%)=0.720""}, ""densification_r2"": {""pts"": 14, ""max"": 15, ""note"": ""R\u00b2=0.955""}, ""yield_accuracy"": {""pts"": 25, ""max"": 25, ""note"": ""elastic tail undershoots data by 8.1% of elastic range""}, ""junction_continuity"": {""pts"": 14, ""max"": 15, ""note"": ""gap=1.1%""}, ""plateau_r2_full_penalty"": {""pts"": 0, ""max"": 0, ""note"": ""R\u00b2(full)=0.932""}, ""elastic_modulus_penalty"": {""pts"": 0, ""max"": 0, ""note"": ""E=199.1 bar ok""}, ""bp1_accuracy_penalty"": {""pts"": 0, ""max"": 0, ""note"": ""GAM slope stable in early plateau (drop=23%) \u2014 ok | plateau spans 28% of remaining stress \u2014 ok""}, ""changepoint_curvature_penalty"": {""pts"": 0, ""max"": 0, ""note"": ""d2_norm=1.68, linear_stretch=20%""}, ""slope_ratio_penalty"": {""pts"": -7, ""max"": 0, ""note"": ""plateau/elastic slope ratio=0.65 \u2014 nearly parallel (-7 pts)""}, ""_score_final"": {""pts"": 81, ""max"": 100, ""note"": ""no catastrophic applied""}}",53.07896844032002,0.23267847285552298,60,5,17.0,0.0,5,True,60,1200
"2026-08-17
18:48:28",17-0add-5deg-60s-N2-1200s | rep 3,sample 15,137.93055439509436,295.69615645499766,31.43397174346719,142.4447761321027,544.0668949871075,0.1445798877415646,0.0,0.22233242694233668,0.3726456117002317,,,True,92,"{""elastic_r2"": {""pts"": 26, ""max"": 30, ""note"": ""NRMSE-score=0.882 (RMSE=4.07, range=34.54)""}, ""plateau_r2_start"": {""pts"": 13, ""max"": 15, ""note"": ""R\u00b2(first 40%)=0.847""}, ""densification_r2"": {""pts"": 13, ""max"": 15, ""note"": ""R\u00b2=0.898""}, ""yield_accuracy"": {""pts"": 25, ""max"": 25, ""note"": ""elastic tail undershoots data by 5.2% of elastic range""}, ""junction_continuity"": {""pts"": 15, ""max"": 15, ""note"": ""gap=0.1%""}, ""plateau_r2_full_penalty"": {""pts"": 0, ""max"": 0, ""note"": ""R\u00b2(full)=0.953""}, ""elastic_modulus_penalty"": {""pts"": 0, ""max"": 0, ""note"": ""E=295.7 bar ok""}, ""bp1_accuracy_penalty"": {""pts"": 0, ""max"": 0, ""note"": ""GAM slope stable in early plateau (drop=26%) \u2014 ok | plateau spans 34% of remaining stress \u2014 ok""}, ""changepoint_curvature_penalty"": {""pts"": 0, ""max"": 0, ""note"": ""d2_norm=1.22, linear_stretch=20%""}, ""slope_ratio_penalty"": {""pts"": 0, ""max"": 0, ""note"": ""plateau/elastic slope ratio=0.48 \u2014 good separation""}, ""_score_final"": {""pts"": 92, ""max"": 100, ""note"": ""no catastrophic applied""}}",52.14563619592618,0.23267847285552298,60,5,17.0,0.0,5,True,60,1200
"2026-08-17
18:48:28",17-0add-5deg-60s-N2-1200s | rep 4,sample 16,140.02122208730583,248.91807641712234,33.80259266467851,148.50935167931783,486.2183431682279,0.17334909010433708,0.0,0.26416280699963857,0.41460192669386153,0.5764538099595652,,True,93,"{""elastic_r2"": {""pts"": 28, ""max"": 30, ""note"": ""NRMSE-score=0.923 (RMSE=2.69, range=34.99)""}, ""plateau_r2_start"": {""pts"": 12, ""max"": 15, ""note"": ""R\u00b2(first 40%)=0.806""}, ""densification_r2"": {""pts"": 14, ""max"": 15, ""note"": ""R\u00b2=0.928""}, ""yield_accuracy"": {""pts"": 25, ""max"": 25, ""note"": ""elastic tail undershoots data by 3.4% of elastic range""}, ""junction_continuity"": {""pts"": 14, ""max"": 15, ""note"": ""gap=1.5%""}, ""plateau_r2_full_penalty"": {""pts"": 0, ""max"": 0, ""note"": ""R\u00b2(full)=0.958""}, ""elastic_modulus_penalty"": {""pts"": 0, ""max"": 0, ""note"": ""E=248.9 bar ok""}, ""bp1_accuracy_penalty"": {""pts"": 0, ""max"": 0, ""note"": ""GAM slope stable in early plateau (drop=25%) \u2014 ok | plateau spans 34% of remaining stress \u2014 ok""}, ""changepoint_curvature_penalty"": {""pts"": 0, ""max"": 0, ""note"": ""d2_norm=2.61, linear_stretch=13%""}, ""slope_ratio_penalty"": {""pts"": 0, ""max"": 0, ""note"": ""plateau/elastic slope ratio=0.60 \u2014 good separation""}, ""_score_final"": {""pts"": 93, ""max"": 100, ""note"": ""no catastrophic applied""}}",52.40088509470361,0.23267847285552298,60,5,17.0,0.0,5,True,60,1200
