date,name,mixing_temp,bath_temp,polymer_wt,additive_wt,pullcast_speed,nitrogen,coupon_to_bath_wait_time,nips_bath_wait_time,formatted_parameters,initial_report,Air Temp Mean,Humidity Mean,Coupon Temp Mean,Coupon Humidity Mean,Thickness Mean,Thickness SD,Elastic Modulus Mean,Elastic Modulus SD,Yield Strength Mean,Yield Strength SD,Pore Fraction Mean,Pore Fraction SD,Slope Plateau Mean,Slope Plateau SD,Slope Densification Mean,Slope Densification SD,Creep Strain Mean,Creep Strain SD,Strain at 50 bar Mean,Strain at 50 bar SD,Strain at 80 bar Mean,Strain at 80 bar SD,Strain at 150 bar Mean,Strain at 150 bar SD,Strain at 500 bar Mean,Strain at 500 bar SD,CV Mean,Discarded Fit Quality Mean,Discarded Fit Reasons,formatted_parameters_withProp,final_report,quality_result,quality_report
"2026-08-20
17:33:56",17-0add-5deg-30s-N2-125s_run9,25,5,17.0,0.0,10,True,30,125,"mixing_temp=25; bath_temp=5; polymer_wt=17; additive_wt=0; pullcast_speed=10; nitrogen=True; coupon_to_bath_wait_time=30; nips_bath_wait_time=125; Air Temp Mean=23.25 [room air temperature during casting]; Humidity Mean=44.39 [room air humidity during casting]; Coupon Temp Mean=nan [coupon-stage temperature measured at the end of the wait period; during N2 it is the temperature during the N2 blow window, otherwise it is the no-N2 wait condition]; Coupon Humidity Mean=nan [coupon-stage humidity measured at the end of the wait period; during N2 it is the humidity during the N2 blow window, otherwise it is the no-N2 wait condition]",,23.25,44.39,,,133.32577828126537,3.404130947847221,148.6967129634551,46.9200251864918,16.65187055918296,0.886275090661969,0.545577703137694,0.0388532139521538,70.61213447751481,6.169877536852451,779.249529812354,55.54156581712774,0.0739849318561621,0.0047542450023602,0.4905545674134772,0.0438234399122294,0.5852975759130264,0.0365376487587455,0.6787476470081588,0.0311085538147341,,,0.0939719187696184,,,"mixing_temp=25; bath_temp=5; polymer_wt=17; additive_wt=0; pullcast_speed=10; nitrogen=True; coupon_to_bath_wait_time=30; nips_bath_wait_time=125; Air Temp Mean=23.25 [room air temperature during casting]; Humidity Mean=44.39 [room air humidity during casting]; Coupon Temp Mean=nan [coupon-stage temperature measured at the end of the wait period; during N2 it is the temperature during the N2 blow window, otherwise it is the no-N2 wait condition]; Coupon Humidity Mean=nan [coupon-stage humidity measured at the end of the wait period; during N2 it is the humidity during the N2 blow window, otherwise it is the no-N2 wait condition]

{'Air Temp Mean': 23.25, 'Humidity Mean': 44.39, 'Coupon Temp Mean': nan, 'Coupon Humidity Mean': nan, 'Thickness Mean': 133.32577828126537, 'Elastic Modulus Mean': 148.6967129634551, 'Strain at 50 bar Mean': 0.49055456741347725, 'CV Mean': 0.09397191876961848}",,"{""image_path"": ""C:\\Users\\opentrons\\Documents\\Auto-Membranes\\data\\raw\\17-0add-5deg-30s-N2-125s_run9\\2026-08-20_17-13-19.jpg""}","- **Presence:** Membrane is visible — a pale white/light-grey sheet is present within the aperture.

- **Vertical Coverage:** Membrane spans the full top-to-bottom extent of the aperture with no gap at the top or bottom edge. ✓

- **Uniformity:** Largely uniform in color and opacity across the central area; slight tonal gradient toward the lower-center but no distinct dark spots or pronounced thickness variation.

- **Defects:** Several faint linear creases/wrinkles are visible within the membrane material itself, particularly in the lower-central region, indicating mild wrinkling of the membrane sheet.

- **Summary:** Membrane is present with full vertical coverage and generally acceptable uniformity, but exhibits mild wrinkling that warrants attention."
"2026-08-20
21:14:41",13-0add-25deg-300s-NoN2-1800s,65,25,13.0,0.0,2,False,300,1800,"mixing_temp=65; bath_temp=25; polymer_wt=13.0; additive_wt=0.0; pullcast_speed=2; nitrogen=False; coupon_to_bath_wait_time=300; nips_bath_wait_time=1800; Air Temp Mean=23.34 [room air temperature during casting]; Humidity Mean=44.83 [room air humidity during casting]; Coupon Temp Mean=nan [coupon-stage temperature measured at the end of the wait period; during N2 it is the temperature during the N2 blow window, otherwise it is the no-N2 wait condition]; Coupon Humidity Mean=nan [coupon-stage humidity measured at the end of the wait period; during N2 it is the humidity during the N2 blow window, otherwise it is the no-N2 wait condition]",,23.34,44.83,,,128.87840004543972,3.738959363326129,170.72929379913307,24.42052682291976,20.9111814996644,0.8659238714772605,0.6198283042939549,0.0362288497257956,81.01512755445918,6.639550015208775,904.4005591477954,22.91932149357904,0.0508616376413778,0.0032160794982005,0.5761123121404526,0.0329994075178048,0.6438590286033705,0.0355243827530744,0.7135617601213818,0.0354533746552789,,,0.0774150148673815,,,"mixing_temp=65; bath_temp=25; polymer_wt=13.0; additive_wt=0.0; pullcast_speed=2; nitrogen=False; coupon_to_bath_wait_time=300; nips_bath_wait_time=1800; Air Temp Mean=23.34 [room air temperature during casting]; Humidity Mean=44.83 [room air humidity during casting]; Coupon Temp Mean=nan [coupon-stage temperature measured at the end of the wait period; during N2 it is the temperature during the N2 blow window, otherwise it is the no-N2 wait condition]; Coupon Humidity Mean=nan [coupon-stage humidity measured at the end of the wait period; during N2 it is the humidity during the N2 blow window, otherwise it is the no-N2 wait condition]

{'Air Temp Mean': 23.34, 'Humidity Mean': 44.83, 'Coupon Temp Mean': nan, 'Coupon Humidity Mean': nan, 'Thickness Mean': 128.87840004543972, 'Elastic Modulus Mean': 170.72929379913307, 'Strain at 50 bar Mean': 0.5761123121404526, 'CV Mean': 0.07741501486738152}",,"{""image_path"": ""C:\\Users\\opentrons\\Documents\\Auto-Membranes\\data\\raw\\13-0add-25deg-300s-NoN2-1800s\\2026-08-20_20-53-36.jpg""}","- **Presence:** Membrane is visible — a pale white/light-blue sheet occupies the aperture.

- **Vertical Coverage:** The membrane reaches the top aperture edge cleanly; the bottom edge also meets the aperture rim with no gap. Vertical coverage is complete.

- **Uniformity:** Color and opacity are consistent across the membrane surface — no dark spots, patchiness, or obvious thickness variation detected.

- **Defects:** No wrinkles or trapped air bubbles visible within the membrane material itself. Bright curved lines at the aperture rim boundary are specular highlights on the metal, not membrane defects.

- **Summary:** The membrane coupon presents as fully seated, vertically complete, and visually uniform with no detectable structural defects."
"2026-08-20
23:24:07",15-0add-15deg-550s-NoN2-1500s,45,15,15.0,0.0,20,False,550,1500,"mixing_temp=45; bath_temp=15; polymer_wt=15.0; additive_wt=0.0; pullcast_speed=20; nitrogen=False; coupon_to_bath_wait_time=550; nips_bath_wait_time=1500; Air Temp Mean=23.19 [room air temperature during casting]; Humidity Mean=45.38 [room air humidity during casting]; Coupon Temp Mean=nan [coupon-stage temperature measured at the end of the wait period; during N2 it is the temperature during the N2 blow window, otherwise it is the no-N2 wait condition]; Coupon Humidity Mean=nan [coupon-stage humidity measured at the end of the wait period; during N2 it is the humidity during the N2 blow window, otherwise it is the no-N2 wait condition]",,23.19,45.38,,,142.8811877485065,1.7040832578610092,164.6964152936839,28.25455423348821,16.986396222816154,0.6286947581717682,0.5665611300455178,0.0134878062904456,42.00082610447104,0.2838393005119444,902.4973638070896,60.32937226506738,0.0797942302601931,0.0040128933901291,0.5414461461378572,0.0165584939901158,0.6151024448243875,0.0168239638898786,0.6898994744802237,0.0197082054176457,,,0.0392407846834008,,,"mixing_temp=45; bath_temp=15; polymer_wt=15.0; additive_wt=0.0; pullcast_speed=20; nitrogen=False; coupon_to_bath_wait_time=550; nips_bath_wait_time=1500; Air Temp Mean=23.19 [room air temperature during casting]; Humidity Mean=45.38 [room air humidity during casting]; Coupon Temp Mean=nan [coupon-stage temperature measured at the end of the wait period; during N2 it is the temperature during the N2 blow window, otherwise it is the no-N2 wait condition]; Coupon Humidity Mean=nan [coupon-stage humidity measured at the end of the wait period; during N2 it is the humidity during the N2 blow window, otherwise it is the no-N2 wait condition]

{'Air Temp Mean': 23.19, 'Humidity Mean': 45.38, 'Coupon Temp Mean': nan, 'Coupon Humidity Mean': nan, 'Thickness Mean': 142.8811877485065, 'Elastic Modulus Mean': 164.6964152936839, 'Strain at 50 bar Mean': 0.5414461461378572, 'CV Mean': 0.03924078468340084}",,"{""image_path"": ""C:\\Users\\opentrons\\Documents\\Auto-Membranes\\data\\raw\\15-0add-15deg-550s-NoN2-1500s\\2026-08-20_23-04-07.jpg""}","- **Presence:** Membrane is visible — a pale white coupon is clearly present within the aperture.

- **Vertical Coverage:** The membrane spans the full top-to-bottom extent of the aperture with no gap at the top or bottom edge. Coverage is complete vertically.

- **Uniformity:** The membrane appears largely uniform in color and opacity across its surface, with consistent pale white tone and no significant patchiness or thickness variation.

- **Defects:** Several small dark particulate specks are scattered across the membrane surface. No wrinkles or trapped air bubbles are observed within the membrane material itself.

- **Summary:** The membrane coupon is well-seated with full vertical coverage, visually uniform, and free of wrinkles or bubbles, though minor surface particulate contamination is present."
"2026-08-21
01:24:07",14-0add-10deg-0s-N2-1200s,80,10,14.0,0.0,5,True,0,1200,"mixing_temp=80; bath_temp=10; polymer_wt=14.0; additive_wt=0.0; pullcast_speed=5; nitrogen=True; coupon_to_bath_wait_time=0; nips_bath_wait_time=1200; Air Temp Mean=24.35 [room air temperature during casting]; Humidity Mean=41.87 [room air humidity during casting]; Coupon Temp Mean=nan [coupon-stage temperature measured at the end of the wait period; during N2 it is the temperature during the N2 blow window, otherwise it is the no-N2 wait condition]; Coupon Humidity Mean=nan [coupon-stage humidity measured at the end of the wait period; during N2 it is the humidity during the N2 blow window, otherwise it is the no-N2 wait condition]",,24.35,41.87,,,152.80512024257874,1.81667296598943,95.38696319477975,9.195804765609042,7.950332955288318,0.4012471062765356,0.5483164866398794,0.0088974268509261,42.425644778516855,1.175178512571333,873.1663755551241,25.327999104172687,0.046651951181791,0.0010263718729396,0.5395840690659602,0.0087493020387732,0.6090086990786829,0.0085264203655654,0.6834311852847073,0.0064985653404628,,,0.0199403750993262,,,"mixing_temp=80; bath_temp=10; polymer_wt=14.0; additive_wt=0.0; pullcast_speed=5; nitrogen=True; coupon_to_bath_wait_time=0; nips_bath_wait_time=1200; Air Temp Mean=24.35 [room air temperature during casting]; Humidity Mean=41.87 [room air humidity during casting]; Coupon Temp Mean=nan [coupon-stage temperature measured at the end of the wait period; during N2 it is the temperature during the N2 blow window, otherwise it is the no-N2 wait condition]; Coupon Humidity Mean=nan [coupon-stage humidity measured at the end of the wait period; during N2 it is the humidity during the N2 blow window, otherwise it is the no-N2 wait condition]

{'Air Temp Mean': 24.35, 'Humidity Mean': 41.87, 'Coupon Temp Mean': nan, 'Coupon Humidity Mean': nan, 'Thickness Mean': 152.80512024257874, 'Elastic Modulus Mean': 95.38696319477977, 'Strain at 50 bar Mean': 0.5395840690659602, 'CV Mean': 0.019940375099326207}",,"{""image_path"": ""C:\\Users\\opentrons\\Documents\\Auto-Membranes\\data\\raw\\14-0add-10deg-0s-N2-1200s\\2026-08-21_01-02-50.jpg""}","- **Presence:** Membrane is visible — a pale white/light-grey sheet occupies the aperture.

- **Vertical Coverage:** Membrane does not reach the top edge of the aperture; a clear gap is visible between the membrane's upper boundary and the top of the inner rim. Bottom edge appears adequately seated. This is a notable vertical coverage defect.

- **Uniformity:** The membrane body appears largely uniform in color and opacity with only minor tonal variation; no significant patchiness or dark spots detected.

- **Defects:** A small cluster of what appear to be micro-bubbles is visible near the lower-left edge of the membrane material. No wrinkles detected within the membrane sheet itself.

- **Summary:** The membrane shows acceptable uniformity but has a clear top-edge vertical gap and a small bubble cluster at the lower-left margin."
"2026-08-21
03:33:10",16-0add-20deg-600s-NoN2-1350s,35,20,16.0,0.0,15,False,600,1350,"mixing_temp=35; bath_temp=20; polymer_wt=16.0; additive_wt=0.0; pullcast_speed=15; nitrogen=False; coupon_to_bath_wait_time=600; nips_bath_wait_time=1350; Air Temp Mean=23.25 [room air temperature during casting]; Humidity Mean=45.72 [room air humidity during casting]; Coupon Temp Mean=nan [coupon-stage temperature measured at the end of the wait period; during N2 it is the temperature during the N2 blow window, otherwise it is the no-N2 wait condition]; Coupon Humidity Mean=nan [coupon-stage humidity measured at the end of the wait period; during N2 it is the humidity during the N2 blow window, otherwise it is the no-N2 wait condition]",,23.25,45.72,,,139.96166978084156,2.071479912834743,223.8280677356452,76.4723465221711,19.907147824149927,0.5612615943091187,0.5795770786271912,0.0126999818099702,45.69540964691645,0.8548951336669205,828.2360771672408,24.000430415041887,0.0852649532481521,0.0021581371629346,0.5347935337471463,0.0149788833071135,0.6253672945226351,0.0125929027419857,0.7076855703307194,0.0099294974235964,,,0.0362041528142038,,,"mixing_temp=35; bath_temp=20; polymer_wt=16.0; additive_wt=0.0; pullcast_speed=15; nitrogen=False; coupon_to_bath_wait_time=600; nips_bath_wait_time=1350; Air Temp Mean=23.25 [room air temperature during casting]; Humidity Mean=45.72 [room air humidity during casting]; Coupon Temp Mean=nan [coupon-stage temperature measured at the end of the wait period; during N2 it is the temperature during the N2 blow window, otherwise it is the no-N2 wait condition]; Coupon Humidity Mean=nan [coupon-stage humidity measured at the end of the wait period; during N2 it is the humidity during the N2 blow window, otherwise it is the no-N2 wait condition]

{'Air Temp Mean': 23.25, 'Humidity Mean': 45.72, 'Coupon Temp Mean': nan, 'Coupon Humidity Mean': nan, 'Thickness Mean': 139.96166978084156, 'Elastic Modulus Mean': 223.82806773564522, 'Strain at 50 bar Mean': 0.5347935337471463, 'CV Mean': 0.03620415281420389}",,"{""image_path"": ""C:\\Users\\opentrons\\Documents\\Auto-Membranes\\data\\raw\\16-0add-20deg-600s-NoN2-1350s\\2026-08-21_03-12-38.jpg""}","- **Presence:** Membrane is visible — a pale white/grey coupon is seated within the aperture.

- **Vertical Coverage:** Membrane spans fully from the top to the bottom edge of the aperture with no vertical gap detected.

- **Uniformity:** The central membrane area is largely uniform in color and opacity; slight tonal gradient toward the top is consistent with lighting angle rather than thickness variation. One very small dark pinpoint is visible near center-lower area.

- **Defects:** Two distinct vertical folds/wrinkles are present within the membrane material itself, running roughly parallel on the left and right portions of the coupon — these are genuine membrane wrinkles, not lighting artifacts.

- **Summary:** Membrane is present with full vertical coverage but exhibits two clear wrinkles and a minor pinpoint defect within the membrane material."
