date,name,mixing_temp,bath_temp,polymer_wt,additive_wt,pullcast_speed,nitrogen,coupon_to_bath_wait_time,nips_bath_wait_time,formatted_parameters,initial_report,Air Temp Mean,Humidity Mean,Coupon Temp Mean,Coupon Humidity Mean,Thickness Mean,Thickness SD,Elastic Modulus Mean,Elastic Modulus SD,Yield Strength Mean,Yield Strength SD,Pore Fraction Mean,Pore Fraction SD,Slope Plateau Mean,Slope Plateau SD,Slope Densification Mean,Slope Densification SD,Creep Strain Mean,Creep Strain SD,Strain at 50 bar Mean,Strain at 50 bar SD,Strain at 80 bar Mean,Strain at 80 bar SD,Strain at 150 bar Mean,Strain at 150 bar SD,Strain at 500 bar Mean,Strain at 500 bar SD,CV Mean,Discarded Fit Quality Mean,Discarded Fit Reasons,formatted_parameters_withProp,final_report,quality_report,LLM_suggestion
"2026-08-20
17:33:56",17-0add-5deg-30s-N2-125s_run9,25,5,17.0,0.0,10,True,30,125,"mixing_temp=25; bath_temp=5; polymer_wt=17; additive_wt=0; pullcast_speed=10; nitrogen=True; coupon_to_bath_wait_time=30; nips_bath_wait_time=125; Air Temp Mean=23.25 [room air temperature during casting]; Humidity Mean=44.39 [room air humidity during casting]; Coupon Temp Mean=nan [coupon-stage temperature measured at the end of the wait period; during N2 it is the temperature during the N2 blow window, otherwise it is the no-N2 wait condition]; Coupon Humidity Mean=nan [coupon-stage humidity measured at the end of the wait period; during N2 it is the humidity during the N2 blow window, otherwise it is the no-N2 wait condition]","# Experimental Report: Automated Membrane Synthesis via NIPS

## Solution Preparation
A polysulfone (PSf) solution was prepared at a concentration of **17 wt%** in PolarClean solvent, with **no PVP additive** included. The polymer solution was mixed and heated at **25°C**.

## Membrane Casting
The polymer solution was blade-cast onto the substrate at a casting speed of **10 mm/s**. The ambient conditions during casting were recorded at a mean air temperature of **23.25°C** and a mean relative humidity of **44.39%**.

## Pre-Immersion Conditioning
Following casting, the membrane coupon was subjected to a **dry nitrogen (N₂) blow** for a duration of **30 seconds** prior to bath immersion, intended to minimize humidity exposure at the film surface. Coupon-stage temperature and humidity measurements during the N₂ blow window were **not recorded (NaN)**.

## Phase Inversion (NIPS Bath)
The cast film was subsequently immersed into the non-solvent bath, maintained at **5°C**, for a total immersion time of **125 seconds**, during which phase separation and membrane solidification occurred.

## Summary Table

| Parameter | Value |
|---|---|
| Polymer (PSf) concentration | 17 wt% |
| Additive (PVP) concentration | 0 wt% |
| Mixing temperature | 25°C |
| Casting speed | 10 mm/s |
| Pre-immersion N₂ blow | Yes |
| Pre-immersion wait time | 30 s |
| NIPS bath temperature | 5°C |
| NIPS bath immersion time | 125 s |
| Ambient air temperature | 23.25°C |
| Ambient relative humidity | 44.39% |",23.25,44.39,,,133.32577828126537,3.404130947847221,148.6967129634551,46.9200251864918,16.65187055918296,0.886275090661969,0.545577703137694,0.0388532139521538,70.61213447751481,6.169877536852451,779.249529812354,55.54156581712774,0.0739849318561621,0.0047542450023602,0.4905545674134772,0.0438234399122294,0.5852975759130264,0.0365376487587455,0.6787476470081588,0.0311085538147341,,,0.0939719187696184,,,"mixing_temp=25; bath_temp=5; polymer_wt=17; additive_wt=0; pullcast_speed=10; nitrogen=True; coupon_to_bath_wait_time=30; nips_bath_wait_time=125; Air Temp Mean=23.25 [room air temperature during casting]; Humidity Mean=44.39 [room air humidity during casting]; Coupon Temp Mean=nan [coupon-stage temperature measured at the end of the wait period; during N2 it is the temperature during the N2 blow window, otherwise it is the no-N2 wait condition]; Coupon Humidity Mean=nan [coupon-stage humidity measured at the end of the wait period; during N2 it is the humidity during the N2 blow window, otherwise it is the no-N2 wait condition]

{'Air Temp Mean': 23.25, 'Humidity Mean': 44.39, 'Coupon Temp Mean': nan, 'Coupon Humidity Mean': nan, 'Thickness Mean': 133.32577828126537, 'Elastic Modulus Mean': 148.6967129634551, 'Strain at 50 bar Mean': 0.49055456741347725, 'CV Mean': 0.09397191876961848}","# Experimental Report: Automated Membrane Synthesis via NIPS

## Solution Preparation
A polysulfone (PSf) solution was prepared at a concentration of **17 wt%** in PolarClean solvent, with **no PVP additive** included. The polymer solution was mixed and heated at **25°C**.

## Membrane Casting
The polymer solution was blade-cast onto the substrate at a casting speed of **10 mm/s**. The ambient conditions during casting were recorded at a mean air temperature of **23.25°C** and a mean relative humidity of **44.39%**.

## Pre-Immersion Conditioning
Following casting, the membrane coupon was subjected to a **dry nitrogen (N₂) blow** for a duration of **30 seconds** prior to bath immersion, intended to minimize humidity exposure at the film surface. Coupon-stage temperature and humidity measurements during the N₂ blow window were **not recorded (NaN)**.

## Phase Inversion (NIPS Bath)
The cast film was subsequently immersed into the non-solvent bath, maintained at **5°C**, for a total immersion time of **125 seconds**, during which phase separation and membrane solidification occurred.

## Summary Table

| Parameter | Value |
|---|---|
| Polymer (PSf) concentration | 17 wt% |
| Additive (PVP) concentration | 0 wt% |
| Mixing temperature | 25°C |
| Casting speed | 10 mm/s |
| Pre-immersion N₂ blow | Yes |
| Pre-immersion wait time | 30 s |
| NIPS bath temperature | 5°C |
| NIPS bath immersion time | 125 s |
| Ambient air temperature | 23.25°C |
| Ambient relative humidity | 44.39% |


{'Air Temp Mean': 23.25, 'Humidity Mean': 44.39, 'Coupon Temp Mean': nan, 'Coupon Humidity Mean': nan, 'Thickness Mean': 133.32577828126537, 'Elastic Modulus Mean': 148.6967129634551, 'Strain at 50 bar Mean': 0.49055456741347725, 'CV Mean': 0.09397191876961848}","- **Presence:** Membrane is visible — a pale white/light-grey sheet is present within the aperture.

- **Vertical Coverage:** Membrane spans the full top-to-bottom extent of the aperture with no gap at the top or bottom edge. ✓

- **Uniformity:** Largely uniform in color and opacity across the central area; slight tonal gradient toward the lower-center but no distinct dark spots or pronounced thickness variation.

- **Defects:** Several faint linear creases/wrinkles are visible within the membrane material itself, particularly in the lower-central region, indicating mild wrinkling of the membrane sheet.

- **Summary:** Membrane is present with full vertical coverage and generally acceptable uniformity, but exhibits mild wrinkling that warrants attention.","I need to propose an experiment that is deliberately far from the single prior observation to maximize design-space coverage.

**Prior point:** mixing_temp=25, bath_temp=5, pullcast_speed=10, nitrogen=True, coupon_to_bath_wait_time=30, nips_bath_wait_time=125, polymer_wt=17.0, additive_wt=0

**Strategy — move to opposite extremes on as many axes as possible:**

| Parameter | Prior | New Choice | Reasoning |
|---|---|---|---|
| `polymer_wt` | 17.0 (max) | **13.0** | Move to lower polymer concentration — large shift, underexplored region |
| `mixing_temp` | 25°C | **65°C** | Higher temp for lower polymer wt (allowed); explores warm mixing |
| `bath_temp` | 5°C | **25°C** | Opposite extreme of bath temperature |
| `pullcast_speed` | 10 mm/s | **2 mm/s** | Near-slow end, far from prior |
| `nitrogen` | True | **False** | Flip nitrogen condition |
| `coupon_to_bath_wait_time` | 30 s | **300 s** | Mid-to-high wait time, far from 30 s |
| `nips_bath_wait_time` | 125 s | **1800 s** | Max immersion time (prior was well below minimum range — note prior was 125 s which is below the stated 1200–1800 s range; I'll use 1800 s as the far extreme within the valid range) |
| `additive_wt` | 0 | **0** | Locked |

Note: The prior `nips_bath_wait_time=125` appears to be a legacy/out-of-range value. I will use the valid maximum (1800 s) to explore that extreme.

```json
{
  ""mixing_temp"": 65,
  ""bath_temp"": 25,
  ""pullcast_speed"": 2,
  ""nitrogen"": false,
  ""coupon_to_bath_wait_time"": 300,
  ""nips_bath_wait_time"": 1800,
  ""polymer_wt"": 13.0,
  ""additive_wt"": 0
}
```"
"2026-08-20
21:14:41",13-0add-25deg-300s-NoN2-1800s,65,25,13.0,0.0,2,False,300,1800,"mixing_temp=65; bath_temp=25; polymer_wt=13.0; additive_wt=0.0; pullcast_speed=2; nitrogen=False; coupon_to_bath_wait_time=300; nips_bath_wait_time=1800; Air Temp Mean=23.34 [room air temperature during casting]; Humidity Mean=44.83 [room air humidity during casting]; Coupon Temp Mean=nan [coupon-stage temperature measured at the end of the wait period; during N2 it is the temperature during the N2 blow window, otherwise it is the no-N2 wait condition]; Coupon Humidity Mean=nan [coupon-stage humidity measured at the end of the wait period; during N2 it is the humidity during the N2 blow window, otherwise it is the no-N2 wait condition]","# Experimental Report: Automated Membrane Synthesis via NIPS

## Solution Preparation

A polysulfone (PSf) solution was prepared at a concentration of **13.0 wt%** in PolarClean solvent, with **no PVP additive** included. The solution was mixed and heated at **65°C**.

## Membrane Casting

The polymer solution was blade-cast onto a substrate at a pull-cast speed of **2 mm/s**. Casting was performed under ambient laboratory conditions, with a recorded room temperature of **23.34°C** and a relative humidity of **44.83%**.

## Pre-Immersion Exposure

Following casting, the membrane coupon was allowed to rest under **ambient conditions (no nitrogen purge)** for a period of **300 seconds (5 minutes)** prior to immersion in the coagulation bath. Coupon-stage temperature and humidity measurements at the end of the wait period were **not recorded (NaN)**.

## Phase Inversion (NIPS Bath)

The cast membrane was subsequently immersed in a non-solvent (water) coagulation bath maintained at **25°C**. The membrane remained in the bath for **1800 seconds (30 minutes)** to allow complete phase inversion and membrane solidification.

---
*Membrane synthesized using an automated robotic NIPS platform.*",23.34,44.83,,,128.87840004543972,3.738959363326129,170.72929379913307,24.42052682291976,20.9111814996644,0.8659238714772605,0.6198283042939549,0.0362288497257956,81.01512755445918,6.639550015208775,904.4005591477954,22.91932149357904,0.0508616376413778,0.0032160794982005,0.5761123121404526,0.0329994075178048,0.6438590286033705,0.0355243827530744,0.7135617601213818,0.0354533746552789,,,0.0774150148673815,,,"mixing_temp=65; bath_temp=25; polymer_wt=13.0; additive_wt=0.0; pullcast_speed=2; nitrogen=False; coupon_to_bath_wait_time=300; nips_bath_wait_time=1800; Air Temp Mean=23.34 [room air temperature during casting]; Humidity Mean=44.83 [room air humidity during casting]; Coupon Temp Mean=nan [coupon-stage temperature measured at the end of the wait period; during N2 it is the temperature during the N2 blow window, otherwise it is the no-N2 wait condition]; Coupon Humidity Mean=nan [coupon-stage humidity measured at the end of the wait period; during N2 it is the humidity during the N2 blow window, otherwise it is the no-N2 wait condition]

{'Air Temp Mean': 23.34, 'Humidity Mean': 44.83, 'Coupon Temp Mean': nan, 'Coupon Humidity Mean': nan, 'Thickness Mean': 128.87840004543972, 'Elastic Modulus Mean': 170.72929379913307, 'Strain at 50 bar Mean': 0.5761123121404526, 'CV Mean': 0.07741501486738152}","# Experimental Report: Automated Membrane Synthesis via NIPS

## Solution Preparation

A polysulfone (PSf) solution was prepared at a concentration of **13.0 wt%** in PolarClean solvent, with **no PVP additive** included. The solution was mixed and heated at **65°C**.

## Membrane Casting

The polymer solution was blade-cast onto a substrate at a pull-cast speed of **2 mm/s**. Casting was performed under ambient laboratory conditions, with a recorded room temperature of **23.34°C** and a relative humidity of **44.83%**.

## Pre-Immersion Exposure

Following casting, the membrane coupon was allowed to rest under **ambient conditions (no nitrogen purge)** for a period of **300 seconds (5 minutes)** prior to immersion in the coagulation bath. Coupon-stage temperature and humidity measurements at the end of the wait period were **not recorded (NaN)**.

## Phase Inversion (NIPS Bath)

The cast membrane was subsequently immersed in a non-solvent (water) coagulation bath maintained at **25°C**. The membrane remained in the bath for **1800 seconds (30 minutes)** to allow complete phase inversion and membrane solidification.

---
*Membrane synthesized using an automated robotic NIPS platform.*


{'Air Temp Mean': 23.34, 'Humidity Mean': 44.83, 'Coupon Temp Mean': nan, 'Coupon Humidity Mean': nan, 'Thickness Mean': 128.87840004543972, 'Elastic Modulus Mean': 170.72929379913307, 'Strain at 50 bar Mean': 0.5761123121404526, 'CV Mean': 0.07741501486738152}","- **Presence:** Membrane is visible — a pale white/light-blue sheet occupies the aperture.

- **Vertical Coverage:** The membrane reaches the top aperture edge cleanly; the bottom edge also meets the aperture rim with no gap. Vertical coverage is complete.

- **Uniformity:** Color and opacity are consistent across the membrane surface — no dark spots, patchiness, or obvious thickness variation detected.

- **Defects:** No wrinkles or trapped air bubbles visible within the membrane material itself. Bright curved lines at the aperture rim boundary are specular highlights on the metal, not membrane defects.

- **Summary:** The membrane coupon presents as fully seated, vertically complete, and visually uniform with no detectable structural defects.","## Reasoning

**Current coverage (2 points):**
- Point 1: mixing_temp=25, bath_temp=5, pullcast_speed=10, nitrogen=True, wait=30s, nips=125s, polymer=17
- Point 2: mixing_temp=65, bath_temp=25, pullcast_speed=2, nitrogen=False, wait=300s, nips=1800s, polymer=13

**Gaps to fill for exploration:**
- `mixing_temp`: covered 25 and 65 → try mid-to-high range, e.g., ~45°C
- `bath_temp`: covered 5 and 25 → already at extremes; try mid ~15°C
- `pullcast_speed`: covered 2 and 10 → try high end ~18-20 mm/s
- `nitrogen`: both covered; use True to vary
- `coupon_to_bath_wait_time`: covered 30 and 300 → try near-max ~550s
- `nips_bath_wait_time`: covered 125 and 1800 → try mid ~1500s
- `polymer_wt`: covered 13 and 17 → try mid ~15

**Design rationale:**
- Target a mid-polymer concentration (15 wt%) to fill the gap between 13 and 17
- Use a high pullcast speed (20 mm/s) — unexplored extreme
- Mid bath temperature (15°C) — unexplored
- Mid mixing temperature (45°C) — unexplored
- Long coupon wait time (550s) — near max, unexplored
- Mid nips bath time (1500s) — unexplored
- nitrogen=False — to contrast with the high-speed casting condition
- This combination is deliberately far from both prior points in multiple dimensions simultaneously

```json
{
  ""mixing_temp"": 45,
  ""bath_temp"": 15,
  ""pullcast_speed"": 20,
  ""nitrogen"": false,
  ""coupon_to_bath_wait_time"": 550,
  ""nips_bath_wait_time"": 1500,
  ""polymer_wt"": 15.0,
  ""additive_wt"": 0
}
```"
"2026-08-20
23:24:07",15-0add-15deg-550s-NoN2-1500s,45,15,15.0,0.0,20,False,550,1500,"mixing_temp=45; bath_temp=15; polymer_wt=15.0; additive_wt=0.0; pullcast_speed=20; nitrogen=False; coupon_to_bath_wait_time=550; nips_bath_wait_time=1500; Air Temp Mean=23.19 [room air temperature during casting]; Humidity Mean=45.38 [room air humidity during casting]; Coupon Temp Mean=nan [coupon-stage temperature measured at the end of the wait period; during N2 it is the temperature during the N2 blow window, otherwise it is the no-N2 wait condition]; Coupon Humidity Mean=nan [coupon-stage humidity measured at the end of the wait period; during N2 it is the humidity during the N2 blow window, otherwise it is the no-N2 wait condition]","# Experimental Report: Automated NIPS Membrane Synthesis

## Solution Preparation
A polysulfone (PSf) solution was prepared at a concentration of **15.0 wt%** in PolarClean solvent, with **no PVP additive** included. The polymer solution was mixed and heated at **45°C**.

## Membrane Casting
The polymer solution was blade-cast onto a coupon at a pull-cast speed of **20 mm/s**. Ambient conditions in the laboratory during casting were recorded at a mean temperature of **23.19°C** and a mean relative humidity of **45.38%**.

## Pre-Immersion Exposure
Following casting, the coupon was allowed to rest under **ambient conditions (no nitrogen purge)** for **550 seconds** prior to immersion in the NIPS bath. Coupon-stage temperature and humidity measurements at the end of the wait period were **not recorded (NaN)**.

## Phase Inversion (NIPS Bath)
The cast film was subsequently immersed in a non-solvent bath maintained at **15°C** for a duration of **1500 seconds**, during which phase inversion occurred.

## Summary Table

| Parameter | Value |
|---|---|
| Polymer (PSf) concentration | 15.0 wt% |
| Additive (PVP) concentration | 0.0 wt% |
| Mixing temperature | 45°C |
| Pull-cast speed | 20 mm/s |
| Nitrogen purge | No |
| Pre-immersion wait time | 550 s |
| NIPS bath temperature | 15°C |
| NIPS bath immersion time | 1500 s |",23.19,45.38,,,142.8811877485065,1.7040832578610092,164.6964152936839,28.25455423348821,16.986396222816154,0.6286947581717682,0.5665611300455178,0.0134878062904456,42.00082610447104,0.2838393005119444,902.4973638070896,60.32937226506738,0.0797942302601931,0.0040128933901291,0.5414461461378572,0.0165584939901158,0.6151024448243875,0.0168239638898786,0.6898994744802237,0.0197082054176457,,,0.0392407846834008,,,"mixing_temp=45; bath_temp=15; polymer_wt=15.0; additive_wt=0.0; pullcast_speed=20; nitrogen=False; coupon_to_bath_wait_time=550; nips_bath_wait_time=1500; Air Temp Mean=23.19 [room air temperature during casting]; Humidity Mean=45.38 [room air humidity during casting]; Coupon Temp Mean=nan [coupon-stage temperature measured at the end of the wait period; during N2 it is the temperature during the N2 blow window, otherwise it is the no-N2 wait condition]; Coupon Humidity Mean=nan [coupon-stage humidity measured at the end of the wait period; during N2 it is the humidity during the N2 blow window, otherwise it is the no-N2 wait condition]

{'Air Temp Mean': 23.19, 'Humidity Mean': 45.38, 'Coupon Temp Mean': nan, 'Coupon Humidity Mean': nan, 'Thickness Mean': 142.8811877485065, 'Elastic Modulus Mean': 164.6964152936839, 'Strain at 50 bar Mean': 0.5414461461378572, 'CV Mean': 0.03924078468340084}","# Experimental Report: Automated NIPS Membrane Synthesis

## Solution Preparation
A polysulfone (PSf) solution was prepared at a concentration of **15.0 wt%** in PolarClean solvent, with **no PVP additive** included. The polymer solution was mixed and heated at **45°C**.

## Membrane Casting
The polymer solution was blade-cast onto a coupon at a pull-cast speed of **20 mm/s**. Ambient conditions in the laboratory during casting were recorded at a mean temperature of **23.19°C** and a mean relative humidity of **45.38%**.

## Pre-Immersion Exposure
Following casting, the coupon was allowed to rest under **ambient conditions (no nitrogen purge)** for **550 seconds** prior to immersion in the NIPS bath. Coupon-stage temperature and humidity measurements at the end of the wait period were **not recorded (NaN)**.

## Phase Inversion (NIPS Bath)
The cast film was subsequently immersed in a non-solvent bath maintained at **15°C** for a duration of **1500 seconds**, during which phase inversion occurred.

## Summary Table

| Parameter | Value |
|---|---|
| Polymer (PSf) concentration | 15.0 wt% |
| Additive (PVP) concentration | 0.0 wt% |
| Mixing temperature | 45°C |
| Pull-cast speed | 20 mm/s |
| Nitrogen purge | No |
| Pre-immersion wait time | 550 s |
| NIPS bath temperature | 15°C |
| NIPS bath immersion time | 1500 s |


{'Air Temp Mean': 23.19, 'Humidity Mean': 45.38, 'Coupon Temp Mean': nan, 'Coupon Humidity Mean': nan, 'Thickness Mean': 142.8811877485065, 'Elastic Modulus Mean': 164.6964152936839, 'Strain at 50 bar Mean': 0.5414461461378572, 'CV Mean': 0.03924078468340084}","- **Presence:** Membrane is visible — a pale white coupon is clearly present within the aperture.

- **Vertical Coverage:** The membrane spans the full top-to-bottom extent of the aperture with no gap at the top or bottom edge. Coverage is complete vertically.

- **Uniformity:** The membrane appears largely uniform in color and opacity across its surface, with consistent pale white tone and no significant patchiness or thickness variation.

- **Defects:** Several small dark particulate specks are scattered across the membrane surface. No wrinkles or trapped air bubbles are observed within the membrane material itself.

- **Summary:** The membrane coupon is well-seated with full vertical coverage, visually uniform, and free of wrinkles or bubbles, though minor surface particulate contamination is present.","## Reasoning

**Coverage analysis:**
- `mixing_temp`: sampled at 25, 45, 65 → gap at high end (80°C) and low-mid range
- `bath_temp`: sampled at 5, 15, 25 → full range covered but only 3 points
- `pullcast_speed`: sampled at 2, 10, 20 → well spread
- `nitrogen`: 1 True, 2 False → True is underrepresented
- `coupon_to_bath_wait_time`: sampled at 30, 300, 550 → gap at extremes (0 and 600)
- `nips_bath_wait_time`: sampled at 125, 1500, 1800 → gap at mid-range (~1200)
- `polymer_wt`: sampled at 13, 15, 17 → well spread

**Sparse regions to target:**
- `mixing_temp` at high end: 80°C (but polymer_wt must not be 17 at 80°C — fine, we'll use a lower polymer_wt)
- `coupon_to_bath_wait_time` near 0 (minimum, unexplored)
- `nips_bath_wait_time` near 1200 (minimum of range, unexplored)
- `bath_temp` at 5°C again would be a near-duplicate; let's keep it at 10°C (between 5 and 15, unexplored)
- `polymer_wt` at 14 (between 13 and 15, slightly underrepresented)
- `nitrogen`: True (underrepresented)
- `pullcast_speed`: mid-low, e.g., 5 mm/s (between 2 and 10, unexplored)

**Proposed point:**
- `mixing_temp`: 80°C (extreme high, unexplored)
- `polymer_wt`: 14.0 (between 13 and 15, not at max so 80°C is allowed)
- `bath_temp`: 10°C (between 5 and 15, unexplored)
- `pullcast_speed`: 5 mm/s (between 2 and 10, unexplored)
- `nitrogen`: True (underrepresented)
- `coupon_to_bath_wait_time`: 0 s (minimum, completely unexplored)
- `nips_bath_wait_time`: 1200 s (minimum of range, unexplored)
- `additive_wt`: 0 (locked)

This point is deliberately far from all three prior experiments across nearly every dimension.

```json
{
  ""mixing_temp"": 80,
  ""bath_temp"": 10,
  ""pullcast_speed"": 5,
  ""nitrogen"": true,
  ""coupon_to_bath_wait_time"": 0,
  ""nips_bath_wait_time"": 1200,
  ""polymer_wt"": 14.0,
  ""additive_wt"": 0
}
```"
"2026-08-21
01:24:07",14-0add-10deg-0s-N2-1200s,80,10,14.0,0.0,5,True,0,1200,"mixing_temp=80; bath_temp=10; polymer_wt=14.0; additive_wt=0.0; pullcast_speed=5; nitrogen=True; coupon_to_bath_wait_time=0; nips_bath_wait_time=1200; Air Temp Mean=24.35 [room air temperature during casting]; Humidity Mean=41.87 [room air humidity during casting]; Coupon Temp Mean=nan [coupon-stage temperature measured at the end of the wait period; during N2 it is the temperature during the N2 blow window, otherwise it is the no-N2 wait condition]; Coupon Humidity Mean=nan [coupon-stage humidity measured at the end of the wait period; during N2 it is the humidity during the N2 blow window, otherwise it is the no-N2 wait condition]","# Experimental Report: Automated NIPS Membrane Synthesis

## Solution Preparation
A polysulfone (PSf) solution was prepared at a concentration of **14.0 wt%** in PolarClean solvent, with **no PVP additive** (0.0 wt%). The polymer solution was mixed and heated at **80°C** prior to casting.

## Membrane Casting
The polymer solution was blade-cast onto the substrate at a pull-cast speed of **5 mm/s**. Ambient conditions during casting were recorded at a mean air temperature of **24.35°C** and a mean relative humidity of **41.87%**.

## Pre-Immersion Treatment
Immediately following casting (**0 s wait time**), the cast film was subjected to a **laminar dry nitrogen purge** for the duration of the pre-immersion period to minimize moisture exposure at the film surface. Coupon-stage temperature and humidity during the nitrogen blow window were not recorded (NaN).

## Phase Inversion (NIPS Bath)
The cast film was immersed into a non-solvent bath maintained at **10°C**. The membrane was allowed to undergo phase separation in the bath for **1200 seconds (20 minutes)** before removal.

## Summary Table

| Parameter | Value |
|---|---|
| Polymer (PSf) concentration | 14.0 wt% |
| Additive (PVP) concentration | 0.0 wt% |
| Solvent | PolarClean |
| Mixing temperature | 80°C |
| Pull-cast speed | 5 mm/s |
| Pre-immersion wait time | 0 s |
| Pre-immersion N₂ purge | Yes |
| NIPS bath temperature | 10°C |
| NIPS bath immersion time | 1200 s |
| Ambient air temperature | 24.35°C |
| Ambient relative humidity | 41.87% |",24.35,41.87,,,152.80512024257874,1.81667296598943,95.38696319477975,9.195804765609042,7.950332955288318,0.4012471062765356,0.5483164866398794,0.0088974268509261,42.425644778516855,1.175178512571333,873.1663755551241,25.327999104172687,0.046651951181791,0.0010263718729396,0.5395840690659602,0.0087493020387732,0.6090086990786829,0.0085264203655654,0.6834311852847073,0.0064985653404628,,,0.0199403750993262,,,"mixing_temp=80; bath_temp=10; polymer_wt=14.0; additive_wt=0.0; pullcast_speed=5; nitrogen=True; coupon_to_bath_wait_time=0; nips_bath_wait_time=1200; Air Temp Mean=24.35 [room air temperature during casting]; Humidity Mean=41.87 [room air humidity during casting]; Coupon Temp Mean=nan [coupon-stage temperature measured at the end of the wait period; during N2 it is the temperature during the N2 blow window, otherwise it is the no-N2 wait condition]; Coupon Humidity Mean=nan [coupon-stage humidity measured at the end of the wait period; during N2 it is the humidity during the N2 blow window, otherwise it is the no-N2 wait condition]

{'Air Temp Mean': 24.35, 'Humidity Mean': 41.87, 'Coupon Temp Mean': nan, 'Coupon Humidity Mean': nan, 'Thickness Mean': 152.80512024257874, 'Elastic Modulus Mean': 95.38696319477977, 'Strain at 50 bar Mean': 0.5395840690659602, 'CV Mean': 0.019940375099326207}","# Experimental Report: Automated NIPS Membrane Synthesis

## Solution Preparation
A polysulfone (PSf) solution was prepared at a concentration of **14.0 wt%** in PolarClean solvent, with **no PVP additive** (0.0 wt%). The polymer solution was mixed and heated at **80°C** prior to casting.

## Membrane Casting
The polymer solution was blade-cast onto the substrate at a pull-cast speed of **5 mm/s**. Ambient conditions during casting were recorded at a mean air temperature of **24.35°C** and a mean relative humidity of **41.87%**.

## Pre-Immersion Treatment
Immediately following casting (**0 s wait time**), the cast film was subjected to a **laminar dry nitrogen purge** for the duration of the pre-immersion period to minimize moisture exposure at the film surface. Coupon-stage temperature and humidity during the nitrogen blow window were not recorded (NaN).

## Phase Inversion (NIPS Bath)
The cast film was immersed into a non-solvent bath maintained at **10°C**. The membrane was allowed to undergo phase separation in the bath for **1200 seconds (20 minutes)** before removal.

## Summary Table

| Parameter | Value |
|---|---|
| Polymer (PSf) concentration | 14.0 wt% |
| Additive (PVP) concentration | 0.0 wt% |
| Solvent | PolarClean |
| Mixing temperature | 80°C |
| Pull-cast speed | 5 mm/s |
| Pre-immersion wait time | 0 s |
| Pre-immersion N₂ purge | Yes |
| NIPS bath temperature | 10°C |
| NIPS bath immersion time | 1200 s |
| Ambient air temperature | 24.35°C |
| Ambient relative humidity | 41.87% |


{'Air Temp Mean': 24.35, 'Humidity Mean': 41.87, 'Coupon Temp Mean': nan, 'Coupon Humidity Mean': nan, 'Thickness Mean': 152.80512024257874, 'Elastic Modulus Mean': 95.38696319477977, 'Strain at 50 bar Mean': 0.5395840690659602, 'CV Mean': 0.019940375099326207}","- **Presence:** Membrane is visible — a pale white/light-grey sheet occupies the aperture.

- **Vertical Coverage:** Membrane does not reach the top edge of the aperture; a clear gap is visible between the membrane's upper boundary and the top of the inner rim. Bottom edge appears adequately seated. This is a notable vertical coverage defect.

- **Uniformity:** The membrane body appears largely uniform in color and opacity with only minor tonal variation; no significant patchiness or dark spots detected.

- **Defects:** A small cluster of what appear to be micro-bubbles is visible near the lower-left edge of the membrane material. No wrinkles detected within the membrane sheet itself.

- **Summary:** The membrane shows acceptable uniformity but has a clear top-edge vertical gap and a small bubble cluster at the lower-left margin.","## Reasoning

**Coverage analysis:**
- `mixing_temp`: covered 25, 45, 65, 80 — good spread, but mid-low range (35°C) untested
- `bath_temp`: covered 5, 10, 15, 25 — full range well sampled already
- `pullcast_speed`: covered 2, 5, 10, 20 — good spread; mid values (7–15) sparse but not critical for exploration
- `nitrogen`: 2 True, 2 False — balanced
- `coupon_to_bath_wait_time`: covered 0, 30, 300, 550 — missing the high end (600s)
- `nips_bath_wait_time`: covered 125, 1200, 1500, 1800 — missing mid-low range (~1350s is sparse but 125s is very low and unique)
- `polymer_wt`: covered 13, 14, 15, 17 — missing 16 wt%

**Sparse regions to target:**
- `polymer_wt` = 16 (gap between 15 and 17)
- `coupon_to_bath_wait_time` = 600 (maximum, untested)
- `nips_bath_wait_time` = 1350 (mid-range between 1200 and 1500)
- `mixing_temp` = 35°C (low-mid, untested)
- `bath_temp` = 20°C (between 15 and 25, untested)
- `pullcast_speed` = 15 mm/s (between 10 and 20, untested)
- `nitrogen` = False (to balance, though already 2/2 — use False to pair with long wait time, which is physically consistent)

**Proposed point:** polymer_wt=16, mixing_temp=35, bath_temp=20, pullcast_speed=15, coupon_to_bath_wait_time=600, nips_bath_wait_time=1350, nitrogen=False, additive_wt=0

This hits multiple sparse dimensions simultaneously: polymer_wt=16 (gap), mixing_temp=35 (gap), bath_temp=20 (gap), pullcast_speed=15 (gap), coupon_to_bath_wait_time=600 (max, untested), nips_bath_wait_time=1350 (mid-range). No near-duplicate to any prior experiment.

```json
{
  ""mixing_temp"": 35,
  ""bath_temp"": 20,
  ""pullcast_speed"": 15,
  ""nitrogen"": false,
  ""coupon_to_bath_wait_time"": 600,
  ""nips_bath_wait_time"": 1350,
  ""polymer_wt"": 16.0,
  ""additive_wt"": 0
}
```"
"2026-08-21
03:33:10",16-0add-20deg-600s-NoN2-1350s,35,20,16.0,0.0,15,False,600,1350,"mixing_temp=35; bath_temp=20; polymer_wt=16.0; additive_wt=0.0; pullcast_speed=15; nitrogen=False; coupon_to_bath_wait_time=600; nips_bath_wait_time=1350; Air Temp Mean=23.25 [room air temperature during casting]; Humidity Mean=45.72 [room air humidity during casting]; Coupon Temp Mean=nan [coupon-stage temperature measured at the end of the wait period; during N2 it is the temperature during the N2 blow window, otherwise it is the no-N2 wait condition]; Coupon Humidity Mean=nan [coupon-stage humidity measured at the end of the wait period; during N2 it is the humidity during the N2 blow window, otherwise it is the no-N2 wait condition]","# Experimental Report: Automated NIPS Membrane Synthesis

## Solution Preparation
A polysulfone (PSf) solution was prepared at a concentration of **16.0 wt%** in PolarClean solvent, with **no PVP additive** included. The solution was mixed and heated at **35°C**.

## Membrane Casting
The polymer solution was blade-cast onto a coupon at a pull-cast speed of **15 mm/s**. Casting was performed under ambient laboratory conditions, with a recorded mean room temperature of **23.25°C** and a mean relative humidity of **45.72%**.

## Pre-Immersion Exposure
Following casting, the coupon was allowed to rest in **ambient air conditions (no nitrogen purge)** for a wait time of **600 seconds (10 minutes)** prior to immersion in the NIPS bath. Coupon-stage temperature and humidity measurements at the end of the wait period were **not recorded (NaN)**.

## Phase Inversion (NIPS Bath)
The cast film was subsequently immersed in a non-solvent bath maintained at **20°C** for a duration of **1350 seconds (22.5 minutes)**, during which phase inversion occurred.

## Summary Table

| Parameter | Value |
|---|---|
| Polymer (PSf) concentration | 16.0 wt% |
| Additive (PVP) concentration | 0.0 wt% |
| Solvent | PolarClean |
| Mixing temperature | 35°C |
| Pull-cast speed | 15 mm/s |
| Nitrogen purge | No |
| Pre-immersion wait time | 600 s |
| NIPS bath temperature | 20°C |
| NIPS bath immersion time | 1350 s |
| Room temperature (mean) | 23.25°C |
| Room humidity (mean) | 45.72% |",23.25,45.72,,,139.96166978084156,2.071479912834743,223.8280677356452,76.4723465221711,19.907147824149927,0.5612615943091187,0.5795770786271912,0.0126999818099702,45.69540964691645,0.8548951336669205,828.2360771672408,24.000430415041887,0.0852649532481521,0.0021581371629346,0.5347935337471463,0.0149788833071135,0.6253672945226351,0.0125929027419857,0.7076855703307194,0.0099294974235964,,,0.0362041528142038,,,"mixing_temp=35; bath_temp=20; polymer_wt=16.0; additive_wt=0.0; pullcast_speed=15; nitrogen=False; coupon_to_bath_wait_time=600; nips_bath_wait_time=1350; Air Temp Mean=23.25 [room air temperature during casting]; Humidity Mean=45.72 [room air humidity during casting]; Coupon Temp Mean=nan [coupon-stage temperature measured at the end of the wait period; during N2 it is the temperature during the N2 blow window, otherwise it is the no-N2 wait condition]; Coupon Humidity Mean=nan [coupon-stage humidity measured at the end of the wait period; during N2 it is the humidity during the N2 blow window, otherwise it is the no-N2 wait condition]

{'Air Temp Mean': 23.25, 'Humidity Mean': 45.72, 'Coupon Temp Mean': nan, 'Coupon Humidity Mean': nan, 'Thickness Mean': 139.96166978084156, 'Elastic Modulus Mean': 223.82806773564522, 'Strain at 50 bar Mean': 0.5347935337471463, 'CV Mean': 0.03620415281420389}","# Experimental Report: Automated NIPS Membrane Synthesis

## Solution Preparation
A polysulfone (PSf) solution was prepared at a concentration of **16.0 wt%** in PolarClean solvent, with **no PVP additive** included. The solution was mixed and heated at **35°C**.

## Membrane Casting
The polymer solution was blade-cast onto a coupon at a pull-cast speed of **15 mm/s**. Casting was performed under ambient laboratory conditions, with a recorded mean room temperature of **23.25°C** and a mean relative humidity of **45.72%**.

## Pre-Immersion Exposure
Following casting, the coupon was allowed to rest in **ambient air conditions (no nitrogen purge)** for a wait time of **600 seconds (10 minutes)** prior to immersion in the NIPS bath. Coupon-stage temperature and humidity measurements at the end of the wait period were **not recorded (NaN)**.

## Phase Inversion (NIPS Bath)
The cast film was subsequently immersed in a non-solvent bath maintained at **20°C** for a duration of **1350 seconds (22.5 minutes)**, during which phase inversion occurred.

## Summary Table

| Parameter | Value |
|---|---|
| Polymer (PSf) concentration | 16.0 wt% |
| Additive (PVP) concentration | 0.0 wt% |
| Solvent | PolarClean |
| Mixing temperature | 35°C |
| Pull-cast speed | 15 mm/s |
| Nitrogen purge | No |
| Pre-immersion wait time | 600 s |
| NIPS bath temperature | 20°C |
| NIPS bath immersion time | 1350 s |
| Room temperature (mean) | 23.25°C |
| Room humidity (mean) | 45.72% |


{'Air Temp Mean': 23.25, 'Humidity Mean': 45.72, 'Coupon Temp Mean': nan, 'Coupon Humidity Mean': nan, 'Thickness Mean': 139.96166978084156, 'Elastic Modulus Mean': 223.82806773564522, 'Strain at 50 bar Mean': 0.5347935337471463, 'CV Mean': 0.03620415281420389}","- **Presence:** Membrane is visible — a pale white/grey coupon is seated within the aperture.

- **Vertical Coverage:** Membrane spans fully from the top to the bottom edge of the aperture with no vertical gap detected.

- **Uniformity:** The central membrane area is largely uniform in color and opacity; slight tonal gradient toward the top is consistent with lighting angle rather than thickness variation. One very small dark pinpoint is visible near center-lower area.

- **Defects:** Two distinct vertical folds/wrinkles are present within the membrane material itself, running roughly parallel on the left and right portions of the coupon — these are genuine membrane wrinkles, not lighting artifacts.

- **Summary:** Membrane is present with full vertical coverage but exhibits two clear wrinkles and a minor pinpoint defect within the membrane material.","## Reasoning

### Design Space Analysis

**Covered so far:**
- `mixing_temp`: 25, 35, 45, 65, 80 — gaps around 55–60 and the lower-mid range
- `bath_temp`: 5, 10, 15, 20, 25 — well spread, but all 5 unique values used; no revisit needed yet
- `pullcast_speed`: 2, 5, 10, 15, 20 — well spread
- `nitrogen`: 2 True, 3 False — reasonably balanced
- `coupon_to_bath_wait_time`: 0, 30, 300, 550, 600 — sparse in the 100–250s range
- `nips_bath_wait_time`: 125, 1200, 1350, 1500, 1800 — sparse near minimum (1200 already done) and mid-range around 1600s
- `polymer_wt`: 13, 14, 15, 16, 17 — all integers covered; no fractional values tried

### Sparse Region Targeting

To maximize coverage novelty:
- `polymer_wt`: Try **13.5** (fractional, between 13 and 14 — unexplored)
- `mixing_temp`: **55°C** (gap between 45 and 65)
- `bath_temp`: **5°C** is the coldest and only appeared once — but bath_temp space is well covered; try something not yet combined with this polymer_wt. Use **25°C** — but that was used with 13wt%. Use **8°C** (between 5 and 10, unexplored)
- `pullcast_speed`: **8 mm/s** (between 5 and 10, unexplored)
- `coupon_to_bath_wait_time`: **150 s** (sparse 100–250s range)
- `nips_bath_wait_time`: **1650 s** (sparse upper-mid range, between 1500 and 1800)
- `nitrogen`: **True** (balances the 2 True / 3 False split)

### Feasibility Check
- `polymer_wt` = 13.5 < 17.0 max ✓
- `mixing_temp` = 55°C is valid (not at max polymer_wt) ✓
- All parameters within stated ranges ✓
- `additive_wt` = 0 as required ✓

```json
{
  ""mixing_temp"": 55,
  ""bath_temp"": 8,
  ""pullcast_speed"": 8,
  ""nitrogen"": true,
  ""coupon_to_bath_wait_time"": 150,
  ""nips_bath_wait_time"": 1650,
  ""polymer_wt"": 13.5,
  ""additive_wt"": 0
}
```"
