date,name,mixing_temp,bath_temp,polymer_wt,additive_wt,pullcast_speed,nitrogen,coupon_to_bath_wait_time,nips_bath_wait_time,formatted_parameters,initial_report,Air Temp Mean,Humidity Mean,Thickness Mean,Thickness SD,Elastic Modulus Mean,Elastic Modulus SD,Yield Strength Mean,Yield Strength SD,Pore Fraction Mean,Pore Fraction SD,Slope Plateau Mean,Slope Plateau SD,Slope Densification Mean,Slope Densification SD,Creep Strain Mean,Creep Strain SD,Strain at 50 bar Mean,Strain at 50 bar SD,Strain at 80 bar Mean,Strain at 80 bar SD,Strain at 150 bar Mean,Strain at 150 bar SD,Strain at 500 bar Mean,Strain at 500 bar SD,CV Mean,Discarded Fit Quality Mean,Discarded Fit Reasons,formatted_parameters_withProp,final_report,quality_result,quality_report
"2026-08-19
12:30:18",17-0add-5deg-30s-N2-125s_run7,25,5,17,0,10,True,30,125,mixing_temp=25; bath_temp=5; polymer_wt=17; additive_wt=0; pullcast_speed=10; nitrogen=True; coupon_to_bath_wait_time=30; nips_bath_wait_time=125; Air Temp Mean=23.52; Humidity Mean=41.57,,23.52,41.57,135.64360462866665,0.8775890783043356,177.92479804133933,26.649455698305133,26.47598377275128,2.6574077840060983,0.5166768981925818,0.0290475967232533,87.39682689394536,18.547184551956263,560.7054836132235,135.68743382012568,0.1158898126534237,0.0276283602153296,0.4049867838692719,0.0728705122805845,0.5408697313135333,0.042987269119161,0.7028919286534847,0.0,,,0.1055497676707641,,,"mixing_temp=25; bath_temp=5; polymer_wt=17; additive_wt=0; pullcast_speed=10; nitrogen=True; coupon_to_bath_wait_time=30; nips_bath_wait_time=125; Air Temp Mean=23.52; Humidity Mean=41.57

{'Air Temp Mean': 23.52, 'Humidity Mean': 41.57, 'Thickness Mean': 135.64360462866665, 'Elastic Modulus Mean': 177.92479804133933, 'Strain at 50 bar Mean': 0.4049867838692719, 'CV Mean': 0.1055497676707641}",,"{""image_path"": ""C:\\Users\\opentrons\\Documents\\Auto-Membranes\\data\\raw\\17-0add-5deg-30s-N2-125s_run7\\2026-08-19_12-10-03.jpg""}","- **Presence:** Membrane is visible — a pale white/grey sheet occupies the aperture.

- **Vertical Coverage:** A small gap is present at the bottom edge where the membrane does not fully reach the lower rim of the aperture; top edge appears adequately seated. This is a notable vertical coverage defect.

- **Uniformity:** The membrane surface is largely uniform in color and opacity across the central area, with a slight tonal gradient toward the top but no obvious patchiness or dark spots.

- **Defects:** No wrinkles or trapped air bubbles are discernible within the membrane material itself; surface texture appears smooth.

- **Summary:** Membrane is present and visually uniform, but exhibits a bottom-edge vertical gap that constitutes a seating defect requiring attention."
